DELETE FROM `game_event` WHERE (`eventEntry`='65');
INSERT INTO `game_event` VALUES (65, '2013-7-3 23:59:00', '2020-7-4 23:59:00', 525600, 20160, 62, 'Fireworks Spectacular', 0);

DELETE FROM `creature_template` WHERE (`entry`='391266');
INSERT INTO `creature_template` VALUES (391266, 0, 0, 0, 0, 0, 39084, 0, 0, 0, 'Fireworks Purple Bunny', '', '', 0, 60, 60, 0, 0, 125, 125, 0, 1, 1.14286, 1, 0, 197.6, 262.2, 0, 479, 1, 2000, 0, 1, 33536, 2048, 0, 0, 0, 0, 0, 136.8, 201.4, 34, 7, 0, 0, 0, 0, 0, 0, 0, 0, 0, 0, 0, 0, 0, 0, 0, 0, 0, 0, 0, 0, 0, 0, 0, 'SmartAI', 0, 3, 1, 1, 1, 1, 1, 0, 0, 0, 0, 0, 0, 0, 0, 1, 0, 0, '', 15595);
DELETE FROM `creature_template_addon` WHERE (`entry`='391266');
DELETE FROM smart_scripts WHERE entryorguid IN (391266);
INSERT INTO `smart_scripts` VALUES (391266, 0, 1, 0, 1, 0, 100, 0, 5000,5000,5000,5000, 11, 26516, 0, 0, 0, 0, 0, 1, 0, 0, 0, 0, 0, 0, 0, 'Launch Purple Fireworks');

DELETE FROM `creature_template` WHERE (`entry`='391267');
INSERT INTO `creature_template` VALUES (391267, 0, 0, 0, 0, 0, 39084, 0, 0, 0, 'Fireworks Green Bunny', '', '', 0, 60, 60, 0, 0, 125, 125, 0, 1, 1.14286, 1, 0, 197.6, 262.2, 0, 479, 1, 2000, 0, 1, 33536, 2048, 0, 0, 0, 0, 0, 136.8, 201.4, 34, 7, 0, 0, 0, 0, 0, 0, 0, 0, 0, 0, 0, 0, 0, 0, 0, 0, 0, 0, 0, 0, 0, 0, 0, 'SmartAI', 0, 3, 1, 1, 1, 1, 1, 0, 0, 0, 0, 0, 0, 0, 0, 1, 0, 0, '', 15595);
DELETE FROM `creature_template_addon` WHERE (`entry`='391267');
DELETE FROM smart_scripts WHERE entryorguid IN (391267);
INSERT INTO `smart_scripts` VALUES (391267, 0, 1, 0, 1, 0, 100, 0, 7000,7000,7000,7000, 11, 26490, 0, 0, 0, 0, 0, 1, 0, 0, 0, 0, 0, 0, 0, 'Launch Green Fireworks');

DELETE FROM `creature_template` WHERE (`entry`='391268');
INSERT INTO `creature_template` VALUES (391268, 0, 0, 0, 0, 0, 39084, 0, 0, 0, 'Fireworks Blue Bunny', '', '', 0, 60, 60, 0, 0, 125, 125, 0, 1, 1.14286, 1, 0, 197.6, 262.2, 0, 479, 1, 2000, 0, 1, 33536, 2048, 0, 0, 0, 0, 0, 136.8, 201.4, 34, 7, 0, 0, 0, 0, 0, 0, 0, 0, 0, 0, 0, 0, 0, 0, 0, 0, 0, 0, 0, 0, 0, 0, 0, 'SmartAI', 0, 3, 1, 1, 1, 1, 1, 0, 0, 0, 0, 0, 0, 0, 0, 1, 0, 0, '', 15595);
DELETE FROM `creature_template_addon` WHERE (`entry`='391268');
DELETE FROM smart_scripts WHERE entryorguid IN (391268);
INSERT INTO `smart_scripts` VALUES (391268, 0, 1, 0, 1, 0, 100, 0, 4000,4000,4000,4000, 11, 26488, 0, 0, 0, 0, 0, 1, 0, 0, 0, 0, 0, 0, 0, 'Launch Blue Fireworks');

DELETE FROM `creature_template` WHERE (`entry`='391269');
INSERT INTO `creature_template` VALUES (391269, 0, 0, 0, 0, 0, 39084, 0, 0, 0, 'Fireworks Red Bunny', '', '', 0, 60, 60, 0, 0, 125, 125, 0, 1, 1.14286, 1, 0, 197.6, 262.2, 0, 479, 1, 2000, 0, 1, 33536, 2048, 0, 0, 0, 0, 0, 136.8, 201.4, 34, 7, 0, 0, 0, 0, 0, 0, 0, 0, 0, 0, 0, 0, 0, 0, 0, 0, 0, 0, 0, 0, 0, 0, 0, 'SmartAI', 0, 3, 1, 1, 1, 1, 1, 0, 0, 0, 0, 0, 0, 0, 0, 1, 0, 0, '', 15595);
DELETE FROM `creature_template_addon` WHERE (`entry`='391269');
DELETE FROM smart_scripts WHERE entryorguid IN (391269);
INSERT INTO `smart_scripts` VALUES (391269, 0, 1, 0, 1, 0, 100, 0, 6000,6000,6000,6000, 11, 26517, 0, 0, 0, 0, 0, 1, 0, 0, 0, 0, 0, 0, 0, 'Launch Red Fireworks');

DELETE FROM `creature_template` WHERE (`entry`='391270');
INSERT INTO `creature_template` VALUES (391270, 0, 0, 0, 0, 0, 39084, 0, 0, 0, 'Fireworks White Bunny', '', '', 0, 60, 60, 0, 0, 125, 125, 0, 1, 1.14286, 1, 0, 197.6, 262.2, 0, 479, 1, 2000, 0, 1, 33536, 2048, 0, 0, 0, 0, 0, 136.8, 201.4, 34, 7, 0, 0, 0, 0, 0, 0, 0, 0, 0, 0, 0, 0, 0, 0, 0, 0, 0, 0, 0, 0, 0, 0, 0, 'SmartAI', 0, 3, 1, 1, 1, 1, 1, 0, 0, 0, 0, 0, 0, 0, 0, 1, 0, 0, '', 15595);
DELETE FROM `creature_template_addon` WHERE (`entry`='391270');
DELETE FROM smart_scripts WHERE entryorguid IN (391270);
INSERT INTO `smart_scripts` VALUES (391270, 0, 1, 0, 1, 0, 100, 0, 2000,2000,2000,2000, 11, 26518, 0, 0, 0, 0, 0, 1, 0, 0, 0, 0, 0, 0, 0, 'Launch White Fireworks');

DELETE FROM `creature_template` WHERE (`entry`='391271');
INSERT INTO `creature_template` VALUES (391271, 0, 0, 0, 0, 0, 39084, 0, 0, 0, 'Fireworks Yellow Bunny', '', '', 0, 60, 60, 0, 0, 125, 125, 0, 1, 1.14286, 1, 0, 197.6, 262.2, 0, 479, 1, 2000, 0, 1, 33536, 2048, 0, 0, 0, 0, 0, 136.8, 201.4, 34, 7, 0, 0, 0, 0, 0, 0, 0, 0, 0, 0, 0, 0, 0, 0, 0, 0, 0, 0, 0, 0, 0, 0, 0, 'SmartAI', 0, 3, 1, 1, 1, 1, 1, 0, 0, 0, 0, 0, 0, 0, 0, 1, 0, 0, '', 15595);
DELETE FROM `creature_template_addon` WHERE (`entry`='391271');
DELETE FROM smart_scripts WHERE entryorguid IN (391271);
INSERT INTO `smart_scripts` VALUES (391271, 0, 1, 0, 1, 0, 100, 0, 3000,3000,3000,3000, 11, 26519, 0, 0, 0, 0, 0, 1, 0, 0, 0, 0, 0, 0, 0, 'Launch Yellow Fireworks');

DELETE FROM `gameobject` WHERE `id` IN (180859);
insert into `gameobject` (`guid`, `id`, `map`, `spawnMask`, `phaseMask`, `position_x`, `position_y`, `position_z`, `orientation`, `rotation0`, `rotation1`, `rotation2`, `rotation3`, `spawntimesecs`, `animprogress`, `state`) values('8500000','180859','1','1','3969','1473.34','-4378.95','78.0432','0.312171','0','0','0.155453','0.987843','300','0','1');
insert into `gameobject` (`guid`, `id`, `map`, `spawnMask`, `phaseMask`, `position_x`, `position_y`, `position_z`, `orientation`, `rotation0`, `rotation1`, `rotation2`, `rotation3`, `spawntimesecs`, `animprogress`, `state`) values('8500001','180859','1','1','3969','1472.65','-4394.85','77.4437','1.66304','0','0','0.738957','0.673753','300','0','1');
insert into `gameobject` (`guid`, `id`, `map`, `spawnMask`, `phaseMask`, `position_x`, `position_y`, `position_z`, `orientation`, `rotation0`, `rotation1`, `rotation2`, `rotation3`, `spawntimesecs`, `animprogress`, `state`) values('8500002','180859','1','1','3969','1478.12','-4412.76','78.4409','5.62144','0','0','0.324869','-0.945759','300','0','1');
insert into `gameobject` (`guid`, `id`, `map`, `spawnMask`, `phaseMask`, `position_x`, `position_y`, `position_z`, `orientation`, `rotation0`, `rotation1`, `rotation2`, `rotation3`, `spawntimesecs`, `animprogress`, `state`) values('8500003','180859','1','1','3969','1483.65','-4427.64','78.7225','5.48792','0','0','0.387237','-0.92198','300','0','1');
insert into `gameobject` (`guid`, `id`, `map`, `spawnMask`, `phaseMask`, `position_x`, `position_y`, `position_z`, `orientation`, `rotation0`, `rotation1`, `rotation2`, `rotation3`, `spawntimesecs`, `animprogress`, `state`) values('8500004','180859','1','1','3969','1485.21','-4448.82','77.5571','1.87116','0','0','0.804945','0.59335','300','0','1');
insert into `gameobject` (`guid`, `id`, `map`, `spawnMask`, `phaseMask`, `position_x`, `position_y`, `position_z`, `orientation`, `rotation0`, `rotation1`, `rotation2`, `rotation3`, `spawntimesecs`, `animprogress`, `state`) values('8500005','180859','1','1','3969','1488.42','-4468.91','77.8203','2.7626','0','0','0.982099','0.188363','300','0','1');
insert into `gameobject` (`guid`, `id`, `map`, `spawnMask`, `phaseMask`, `position_x`, `position_y`, `position_z`, `orientation`, `rotation0`, `rotation1`, `rotation2`, `rotation3`, `spawntimesecs`, `animprogress`, `state`) values('8500006','180859','1','1','3969','1513.01','-4463.64','67.2291','0.748046','0','0','0.365363','0.930865','300','0','1');
insert into `gameobject` (`guid`, `id`, `map`, `spawnMask`, `phaseMask`, `position_x`, `position_y`, `position_z`, `orientation`, `rotation0`, `rotation1`, `rotation2`, `rotation3`, `spawntimesecs`, `animprogress`, `state`) values('8500007','180859','1','1','3969','1525.83','-4458.86','69.3551','0.810879','0','0','0.394422','0.918929','300','0','1');
insert into `gameobject` (`guid`, `id`, `map`, `spawnMask`, `phaseMask`, `position_x`, `position_y`, `position_z`, `orientation`, `rotation0`, `rotation1`, `rotation2`, `rotation3`, `spawntimesecs`, `animprogress`, `state`) values('8500008','180859','1','1','3969','1541.84','-4452.6','70.0983','6.09661','0','0','0.0931528','-0.995652','300','0','1');
insert into `gameobject` (`guid`, `id`, `map`, `spawnMask`, `phaseMask`, `position_x`, `position_y`, `position_z`, `orientation`, `rotation0`, `rotation1`, `rotation2`, `rotation3`, `spawntimesecs`, `animprogress`, `state`) values('8500009','180859','1','1','3969','1532.92','-4455.98','70.5873','5.19341','0','0','0.518324','-0.855184','300','0','1');
insert into `gameobject` (`guid`, `id`, `map`, `spawnMask`, `phaseMask`, `position_x`, `position_y`, `position_z`, `orientation`, `rotation0`, `rotation1`, `rotation2`, `rotation3`, `spawntimesecs`, `animprogress`, `state`) values('8500010','180859','1','1','3969','1496.35','-4357.25','73.2656','3.48517','0','0','0.985281','-0.170943','300','0','1');
insert into `gameobject` (`guid`, `id`, `map`, `spawnMask`, `phaseMask`, `position_x`, `position_y`, `position_z`, `orientation`, `rotation0`, `rotation1`, `rotation2`, `rotation3`, `spawntimesecs`, `animprogress`, `state`) values('8500011','180859','1','1','3969','1506.28','-4358.51','74.1938','6.09269','0','0','0.095103','-0.995467','300','0','1');
insert into `gameobject` (`guid`, `id`, `map`, `spawnMask`, `phaseMask`, `position_x`, `position_y`, `position_z`, `orientation`, `rotation0`, `rotation1`, `rotation2`, `rotation3`, `spawntimesecs`, `animprogress`, `state`) values('8500012','180859','1','1','3969','1515.46','-4359.02','76.8306','0.0804674','0','0','0.0402229','0.999191','300','0','1');
insert into `gameobject` (`guid`, `id`, `map`, `spawnMask`, `phaseMask`, `position_x`, `position_y`, `position_z`, `orientation`, `rotation0`, `rotation1`, `rotation2`, `rotation3`, `spawntimesecs`, `animprogress`, `state`) values('8500013','180859','1','1','3969','1472.36','-4362.47','108.877','3.33987','0','0','0.99509','-0.0989767','300','0','1');
insert into `gameobject` (`guid`, `id`, `map`, `spawnMask`, `phaseMask`, `position_x`, `position_y`, `position_z`, `orientation`, `rotation0`, `rotation1`, `rotation2`, `rotation3`, `spawntimesecs`, `animprogress`, `state`) values('8500014','180859','1','1','3969','1460.14','-4357.13','108.956','2.472','0','0','0.944477','0.328576','300','0','1');
insert into `gameobject` (`guid`, `id`, `map`, `spawnMask`, `phaseMask`, `position_x`, `position_y`, `position_z`, `orientation`, `rotation0`, `rotation1`, `rotation2`, `rotation3`, `spawntimesecs`, `animprogress`, `state`) values('8500015','180859','1','1','3969','1484.14','-4357.26','108.107','0.347498','0','0','0.172876','0.984944','300','0','1');
insert into `gameobject` (`guid`, `id`, `map`, `spawnMask`, `phaseMask`, `position_x`, `position_y`, `position_z`, `orientation`, `rotation0`, `rotation1`, `rotation2`, `rotation3`, `spawntimesecs`, `animprogress`, `state`) values('8500016','180859','1','1','3969','1490.98','-4345.87','108.357','1.60021','0','0','0.717429','0.696632','300','0','1');
insert into `gameobject` (`guid`, `id`, `map`, `spawnMask`, `phaseMask`, `position_x`, `position_y`, `position_z`, `orientation`, `rotation0`, `rotation1`, `rotation2`, `rotation3`, `spawntimesecs`, `animprogress`, `state`) values('8500017','180859','1','1','3969','1506.14','-4400.54','23.6592','6.18302','0','0','0.0500626','-0.998746','300','0','1');
insert into `gameobject` (`guid`, `id`, `map`, `spawnMask`, `phaseMask`, `position_x`, `position_y`, `position_z`, `orientation`, `rotation0`, `rotation1`, `rotation2`, `rotation3`, `spawntimesecs`, `animprogress`, `state`) values('8500018','180859','1','1','3969','1494.56','-4400.99','24.475','3.01787','0','0','0.998087','0.061821','300','0','1');
insert into `gameobject` (`guid`, `id`, `map`, `spawnMask`, `phaseMask`, `position_x`, `position_y`, `position_z`, `orientation`, `rotation0`, `rotation1`, `rotation2`, `rotation3`, `spawntimesecs`, `animprogress`, `state`) values('8500019','180859','1','1','3969','1503.95','-4431.45','25.0074','0.34358','0','0','0.170946','0.98528','300','0','1');
insert into `gameobject` (`guid`, `id`, `map`, `spawnMask`, `phaseMask`, `position_x`, `position_y`, `position_z`, `orientation`, `rotation0`, `rotation1`, `rotation2`, `rotation3`, `spawntimesecs`, `animprogress`, `state`) values('8500020','180859','1','1','3969','1511.59','-4436.96','24.0477','5.41333','0','0','0.421346','-0.9069','300','0','1');
insert into `gameobject` (`guid`, `id`, `map`, `spawnMask`, `phaseMask`, `position_x`, `position_y`, `position_z`, `orientation`, `rotation0`, `rotation1`, `rotation2`, `rotation3`, `spawntimesecs`, `animprogress`, `state`) values('8500021','180859','1','1','3969','1482.32','-4474.01','107.247','0.0176427','0','0','0.00882125','0.999961','300','0','1');
insert into `gameobject` (`guid`, `id`, `map`, `spawnMask`, `phaseMask`, `position_x`, `position_y`, `position_z`, `orientation`, `rotation0`, `rotation1`, `rotation2`, `rotation3`, `spawntimesecs`, `animprogress`, `state`) values('8500022','180859','1','1','3969','1495.82','-4474.9','107.693','3.89359','0','0','0.930142','-0.3672','300','0','1');
insert into `gameobject` (`guid`, `id`, `map`, `spawnMask`, `phaseMask`, `position_x`, `position_y`, `position_z`, `orientation`, `rotation0`, `rotation1`, `rotation2`, `rotation3`, `spawntimesecs`, `animprogress`, `state`) values('8500023','180859','1','1','3969','1510.17','-4483.51','107.29','0.0333426','0','0','0.0166705','0.999861','300','0','1');
insert into `gameobject` (`guid`, `id`, `map`, `spawnMask`, `phaseMask`, `position_x`, `position_y`, `position_z`, `orientation`, `rotation0`, `rotation1`, `rotation2`, `rotation3`, `spawntimesecs`, `animprogress`, `state`) values('8500024','180859','1','1','3969','1537.89','-4473.55','73.0224','3.96818','0','0','0.915802','-0.401629','300','0','1');
insert into `gameobject` (`guid`, `id`, `map`, `spawnMask`, `phaseMask`, `position_x`, `position_y`, `position_z`, `orientation`, `rotation0`, `rotation1`, `rotation2`, `rotation3`, `spawntimesecs`, `animprogress`, `state`) values('8500025','180859','1','1','3969','1525.67','-4478.41','72.0978','0.47316','0','0','0.234379','0.972145','300','0','1');
insert into `gameobject` (`guid`, `id`, `map`, `spawnMask`, `phaseMask`, `position_x`, `position_y`, `position_z`, `orientation`, `rotation0`, `rotation1`, `rotation2`, `rotation3`, `spawntimesecs`, `animprogress`, `state`) values('8500026','180859','1','1','3969','1549.66','-4466.69','73.6038','2.53876','0','0','0.954917','0.296874','300','0','1');
insert into `gameobject` (`guid`, `id`, `map`, `spawnMask`, `phaseMask`, `position_x`, `position_y`, `position_z`, `orientation`, `rotation0`, `rotation1`, `rotation2`, `rotation3`, `spawntimesecs`, `animprogress`, `state`) values('8500027','180859','1','1','3969','1497.46','-4426.3','70.5635','0.0647513','0','0','0.03237','0.999476','300','0','1');
insert into `gameobject` (`guid`, `id`, `map`, `spawnMask`, `phaseMask`, `position_x`, `position_y`, `position_z`, `orientation`, `rotation0`, `rotation1`, `rotation2`, `rotation3`, `spawntimesecs`, `animprogress`, `state`) values('8500028','180859','1','1','3969','1495.16','-4410.03','70.6983','6.0377','0','0','0.122432','-0.992477','300','0','1');
insert into `gameobject` (`guid`, `id`, `map`, `spawnMask`, `phaseMask`, `position_x`, `position_y`, `position_z`, `orientation`, `rotation0`, `rotation1`, `rotation2`, `rotation3`, `spawntimesecs`, `animprogress`, `state`) values('8500029','180859','1','1','3969','1526.08','-4376.3','81.8972','4.6829','0','0','0.717454','-0.696606','300','0','1');
insert into `gameobject` (`guid`, `id`, `map`, `spawnMask`, `phaseMask`, `position_x`, `position_y`, `position_z`, `orientation`, `rotation0`, `rotation1`, `rotation2`, `rotation3`, `spawntimesecs`, `animprogress`, `state`) values('8500030','180859','1','1','3969','1489.93','-4382.4','70.5239','0.457441','0','0','0.226732','0.973957','300','0','1');
insert into `gameobject` (`guid`, `id`, `map`, `spawnMask`, `phaseMask`, `position_x`, `position_y`, `position_z`, `orientation`, `rotation0`, `rotation1`, `rotation2`, `rotation3`, `spawntimesecs`, `animprogress`, `state`) values('8500031','180859','0','1','3969','-8979.84','646.216','138.901','5.34629','0','0','0.451501','-0.892271','300','0','1');
insert into `gameobject` (`guid`, `id`, `map`, `spawnMask`, `phaseMask`, `position_x`, `position_y`, `position_z`, `orientation`, `rotation0`, `rotation1`, `rotation2`, `rotation3`, `spawntimesecs`, `animprogress`, `state`) values('8500032','180859','0','1','3969','-8966.89','630.626','138.901','5.30309','0','0','0.470667','-0.882311','300','0','1');
insert into `gameobject` (`guid`, `id`, `map`, `spawnMask`, `phaseMask`, `position_x`, `position_y`, `position_z`, `orientation`, `rotation0`, `rotation1`, `rotation2`, `rotation3`, `spawntimesecs`, `animprogress`, `state`) values('8500033','180859','0','1','3969','-8954.98','614.643','138.901','5.42483','0','0','0.416125','-0.909307','300','0','1');
insert into `gameobject` (`guid`, `id`, `map`, `spawnMask`, `phaseMask`, `position_x`, `position_y`, `position_z`, `orientation`, `rotation0`, `rotation1`, `rotation2`, `rotation3`, `spawntimesecs`, `animprogress`, `state`) values('8500034','180859','0','1','3969','-8949.72','631.373','129.263','2.31072','0','0','0.91494','0.403589','300','0','1');
insert into `gameobject` (`guid`, `id`, `map`, `spawnMask`, `phaseMask`, `position_x`, `position_y`, `position_z`, `orientation`, `rotation0`, `rotation1`, `rotation2`, `rotation3`, `spawntimesecs`, `animprogress`, `state`) values('8500035','180859','0','1','3969','-8965.9','652.014','129.274','2.20862','0','0','0.893154','0.449751','300','0','1');
insert into `gameobject` (`guid`, `id`, `map`, `spawnMask`, `phaseMask`, `position_x`, `position_y`, `position_z`, `orientation`, `rotation0`, `rotation1`, `rotation2`, `rotation3`, `spawntimesecs`, `animprogress`, `state`) values('8500036','180859','0','1','3969','-8921.42','614.485','145.472','4.98107','0','0','0.60603','-0.795442','300','0','1');
insert into `gameobject` (`guid`, `id`, `map`, `spawnMask`, `phaseMask`, `position_x`, `position_y`, `position_z`, `orientation`, `rotation0`, `rotation1`, `rotation2`, `rotation3`, `spawntimesecs`, `animprogress`, `state`) values('8500037','180859','0','1','3969','-8910.08','609.58','145.471','5.49157','0','0','0.385554','-0.922685','300','0','1');
insert into `gameobject` (`guid`, `id`, `map`, `spawnMask`, `phaseMask`, `position_x`, `position_y`, `position_z`, `orientation`, `rotation0`, `rotation1`, `rotation2`, `rotation3`, `spawntimesecs`, `animprogress`, `state`) values('8500038','180859','0','1','3969','-8903.57','584.854','145.466','4.28992','0','0','0.839646','-0.543134','300','0','1');
insert into `gameobject` (`guid`, `id`, `map`, `spawnMask`, `phaseMask`, `position_x`, `position_y`, `position_z`, `orientation`, `rotation0`, `rotation1`, `rotation2`, `rotation3`, `spawntimesecs`, `animprogress`, `state`) values('8500039','180859','0','1','3969','-8897.92','570.847','116.226','0.433611','0','0','0.215111','0.97659','300','0','1');
insert into `gameobject` (`guid`, `id`, `map`, `spawnMask`, `phaseMask`, `position_x`, `position_y`, `position_z`, `orientation`, `rotation0`, `rotation1`, `rotation2`, `rotation3`, `spawntimesecs`, `animprogress`, `state`) values('8500040','180859','0','1','3969','-8886.77','555.524','115.843','5.28738','0','0','0.477585','-0.878586','300','0','1');
insert into `gameobject` (`guid`, `id`, `map`, `spawnMask`, `phaseMask`, `position_x`, `position_y`, `position_z`, `orientation`, `rotation0`, `rotation1`, `rotation2`, `rotation3`, `spawntimesecs`, `animprogress`, `state`) values('8500041','180859','0','1','3969','-8882.47','554.185','145.463','5.52691','0','0','0.369189','-0.929354','300','0','1');
insert into `gameobject` (`guid`, `id`, `map`, `spawnMask`, `phaseMask`, `position_x`, `position_y`, `position_z`, `orientation`, `rotation0`, `rotation1`, `rotation2`, `rotation3`, `spawntimesecs`, `animprogress`, `state`) values('8500042','180859','0','1','3969','-8867.79','554.032','145.471','6.0335','0','0','0.124521','-0.992217','300','0','1');
insert into `gameobject` (`guid`, `id`, `map`, `spawnMask`, `phaseMask`, `position_x`, `position_y`, `position_z`, `orientation`, `rotation0`, `rotation1`, `rotation2`, `rotation3`, `spawntimesecs`, `animprogress`, `state`) values('8500043','180859','0','1','3969','-8860.82','537.565','142.579','5.20492','0','0','0.513393','-0.858154','300','0','1');
insert into `gameobject` (`guid`, `id`, `map`, `spawnMask`, `phaseMask`, `position_x`, `position_y`, `position_z`, `orientation`, `rotation0`, `rotation1`, `rotation2`, `rotation3`, `spawntimesecs`, `animprogress`, `state`) values('8500044','180859','0','1','3969','-8846.2','501.491','138.937','5.3188','0','0','0.463724','-0.88598','300','0','1');
insert into `gameobject` (`guid`, `id`, `map`, `spawnMask`, `phaseMask`, `position_x`, `position_y`, `position_z`, `orientation`, `rotation0`, `rotation1`, `rotation2`, `rotation3`, `spawntimesecs`, `animprogress`, `state`) values('8500045','180859','0','1','3969','-8830.74','482.857','138.934','5.47587','0','0','0.392783','-0.919631','300','0','1');
insert into `gameobject` (`guid`, `id`, `map`, `spawnMask`, `phaseMask`, `position_x`, `position_y`, `position_z`, `orientation`, `rotation0`, `rotation1`, `rotation2`, `rotation3`, `spawntimesecs`, `animprogress`, `state`) values('8500046','180859','0','1','3969','-8815.54','464.566','138.939','5.06187','0','0','0.573405','-0.819272','300','0','1');
insert into `gameobject` (`guid`, `id`, `map`, `spawnMask`, `phaseMask`, `position_x`, `position_y`, `position_z`, `orientation`, `rotation0`, `rotation1`, `rotation2`, `rotation3`, `spawntimesecs`, `animprogress`, `state`) values('8500047','180859','0','1','3969','-8808.67','455.058','159.434','5.44278','0','0','0.407945','-0.913007','300','0','1');
insert into `gameobject` (`guid`, `id`, `map`, `spawnMask`, `phaseMask`, `position_x`, `position_y`, `position_z`, `orientation`, `rotation0`, `rotation1`, `rotation2`, `rotation3`, `spawntimesecs`, `animprogress`, `state`) values('8500048','180859','0','1','3969','-8790.59','456.116','159.433','2.30904','0','0','0.914602','0.404356','300','0','1');
insert into `gameobject` (`guid`, `id`, `map`, `spawnMask`, `phaseMask`, `position_x`, `position_y`, `position_z`, `orientation`, `rotation0`, `rotation1`, `rotation2`, `rotation3`, `spawntimesecs`, `animprogress`, `state`) values('8500049','180859','0','1','3969','-8780.37','445.959','159.433','0.596872','0','0','0.294026','0.955798','300','0','1');
insert into `gameobject` (`guid`, `id`, `map`, `spawnMask`, `phaseMask`, `position_x`, `position_y`, `position_z`, `orientation`, `rotation0`, `rotation1`, `rotation2`, `rotation3`, `spawntimesecs`, `animprogress`, `state`) values('8500050','180859','0','1','3969','-8835.05','460.843','143.4','0.663631','0','0','0.32576','0.945453','300','0','1');
insert into `gameobject` (`guid`, `id`, `map`, `spawnMask`, `phaseMask`, `position_x`, `position_y`, `position_z`, `orientation`, `rotation0`, `rotation1`, `rotation2`, `rotation3`, `spawntimesecs`, `animprogress`, `state`) values('8500051','180859','0','1','3969','-8854.62','479.357','143.762','2.3758','0','0','0.927586','0.373609','300','0','1');
insert into `gameobject` (`guid`, `id`, `map`, `spawnMask`, `phaseMask`, `position_x`, `position_y`, `position_z`, `orientation`, `rotation0`, `rotation1`, `rotation2`, `rotation3`, `spawntimesecs`, `animprogress`, `state`) values('8500052','180859','0','1','3969','-8859.63','533.995','162.202','1.71606','0','0','0.756557','0.653927','300','0','1');
insert into `gameobject` (`guid`, `id`, `map`, `spawnMask`, `phaseMask`, `position_x`, `position_y`, `position_z`, `orientation`, `rotation0`, `rotation1`, `rotation2`, `rotation3`, `spawntimesecs`, `animprogress`, `state`) values('8500053','180859','0','1','3969','-8880.64','552.972','162.261','2.55251','0','0','0.956936','0.290299','300','0','1');
insert into `gameobject` (`guid`, `id`, `map`, `spawnMask`, `phaseMask`, `position_x`, `position_y`, `position_z`, `orientation`, `rotation0`, `rotation1`, `rotation2`, `rotation3`, `spawntimesecs`, `animprogress`, `state`) values('8500054','180859','0','1','3969','-8909.39','580.387','162.261','1.5472','0','0','0.698717','0.715399','300','0','1');
insert into `gameobject` (`guid`, `id`, `map`, `spawnMask`, `phaseMask`, `position_x`, `position_y`, `position_z`, `orientation`, `rotation0`, `rotation1`, `rotation2`, `rotation3`, `spawntimesecs`, `animprogress`, `state`) values('8500055','180859','0','1','3969','-8912.87','598.26','158.546','1.7357','0','0','0.762941','0.646469','300','0','1');
insert into `gameobject` (`guid`, `id`, `map`, `spawnMask`, `phaseMask`, `position_x`, `position_y`, `position_z`, `orientation`, `rotation0`, `rotation1`, `rotation2`, `rotation3`, `spawntimesecs`, `animprogress`, `state`) values('8500056','180859','0','1','3969','-8917.41','609.285','162.202','5.63521','0','0','0.318351','-0.947973','300','0','1');
insert into `gameobject` (`guid`, `id`, `map`, `spawnMask`, `phaseMask`, `position_x`, `position_y`, `position_z`, `orientation`, `rotation0`, `rotation1`, `rotation2`, `rotation3`, `spawntimesecs`, `animprogress`, `state`) values('8500057','180859','0','1','3969','-8977.22','674.214','159.434','1.81032','0','0','0.786523','0.617561','300','0','1');
insert into `gameobject` (`guid`, `id`, `map`, `spawnMask`, `phaseMask`, `position_x`, `position_y`, `position_z`, `orientation`, `rotation0`, `rotation1`, `rotation2`, `rotation3`, `spawntimesecs`, `animprogress`, `state`) values('8500058','180859','0','1','3969','-8979.73','688.015','159.433','2.0263','0','0','0.848503','0.52919','300','0','1');
insert into `gameobject` (`guid`, `id`, `map`, `spawnMask`, `phaseMask`, `position_x`, `position_y`, `position_z`, `orientation`, `rotation0`, `rotation1`, `rotation2`, `rotation3`, `spawntimesecs`, `animprogress`, `state`) values('8500059','180859','0','1','3969','-8988.67','661.133','159.434','5.12469','0','0','0.547396','-0.836874','300','0','1');
insert into `gameobject` (`guid`, `id`, `map`, `spawnMask`, `phaseMask`, `position_x`, `position_y`, `position_z`, `orientation`, `rotation0`, `rotation1`, `rotation2`, `rotation3`, `spawntimesecs`, `animprogress`, `state`) values('8500060','180859','0','1','3969','-8892.59','595.028','107.371','5.06168','0','0','0.573483','-0.819217','300','0','1');
insert into `gameobject` (`guid`, `id`, `map`, `spawnMask`, `phaseMask`, `position_x`, `position_y`, `position_z`, `orientation`, `rotation0`, `rotation1`, `rotation2`, `rotation3`, `spawntimesecs`, `animprogress`, `state`) values('8500061','180859','0','1','3969','-8876.37','557.99','99.8653','4.31555','0','0','0.832617','-0.553849','300','0','1');
insert into `gameobject` (`guid`, `id`, `map`, `spawnMask`, `phaseMask`, `position_x`, `position_y`, `position_z`, `orientation`, `rotation0`, `rotation1`, `rotation2`, `rotation3`, `spawntimesecs`, `animprogress`, `state`) values('8500062','180859','0','1','3969','-8879.79','566.91','93.5635','4.30377','0','0','0.835866','-0.548934','300','0','1');
insert into `gameobject` (`guid`, `id`, `map`, `spawnMask`, `phaseMask`, `position_x`, `position_y`, `position_z`, `orientation`, `rotation0`, `rotation1`, `rotation2`, `rotation3`, `spawntimesecs`, `animprogress`, `state`) values('8500063','180859','0','1','3969','-8893.68','582.16','93.1931','3.02357','0','0','0.998259','0.0589771','300','0','1');

DELETE FROM `game_event_gameobject` WHERE (`eventEntry`='65');
INSERT INTO `game_event_gameobject` (`eventEntry`, `guid`) VALUES ('65', '8500000');
INSERT INTO `game_event_gameobject` (`eventEntry`, `guid`) VALUES ('65', '8500001');
INSERT INTO `game_event_gameobject` (`eventEntry`, `guid`) VALUES ('65', '8500002');
INSERT INTO `game_event_gameobject` (`eventEntry`, `guid`) VALUES ('65', '8500003');
INSERT INTO `game_event_gameobject` (`eventEntry`, `guid`) VALUES ('65', '8500004');
INSERT INTO `game_event_gameobject` (`eventEntry`, `guid`) VALUES ('65', '8500005');
INSERT INTO `game_event_gameobject` (`eventEntry`, `guid`) VALUES ('65', '8500006');
INSERT INTO `game_event_gameobject` (`eventEntry`, `guid`) VALUES ('65', '8500007');
INSERT INTO `game_event_gameobject` (`eventEntry`, `guid`) VALUES ('65', '8500008');
INSERT INTO `game_event_gameobject` (`eventEntry`, `guid`) VALUES ('65', '8500009');
INSERT INTO `game_event_gameobject` (`eventEntry`, `guid`) VALUES ('65', '8500010');
INSERT INTO `game_event_gameobject` (`eventEntry`, `guid`) VALUES ('65', '8500011');
INSERT INTO `game_event_gameobject` (`eventEntry`, `guid`) VALUES ('65', '8500012');
INSERT INTO `game_event_gameobject` (`eventEntry`, `guid`) VALUES ('65', '8500013');
INSERT INTO `game_event_gameobject` (`eventEntry`, `guid`) VALUES ('65', '8500014');
INSERT INTO `game_event_gameobject` (`eventEntry`, `guid`) VALUES ('65', '8500015');
INSERT INTO `game_event_gameobject` (`eventEntry`, `guid`) VALUES ('65', '8500016');
INSERT INTO `game_event_gameobject` (`eventEntry`, `guid`) VALUES ('65', '8500017');
INSERT INTO `game_event_gameobject` (`eventEntry`, `guid`) VALUES ('65', '8500018');
INSERT INTO `game_event_gameobject` (`eventEntry`, `guid`) VALUES ('65', '8500019');
INSERT INTO `game_event_gameobject` (`eventEntry`, `guid`) VALUES ('65', '8500020');
INSERT INTO `game_event_gameobject` (`eventEntry`, `guid`) VALUES ('65', '8500021');
INSERT INTO `game_event_gameobject` (`eventEntry`, `guid`) VALUES ('65', '8500022');
INSERT INTO `game_event_gameobject` (`eventEntry`, `guid`) VALUES ('65', '8500023');
INSERT INTO `game_event_gameobject` (`eventEntry`, `guid`) VALUES ('65', '8500024');
INSERT INTO `game_event_gameobject` (`eventEntry`, `guid`) VALUES ('65', '8500025');
INSERT INTO `game_event_gameobject` (`eventEntry`, `guid`) VALUES ('65', '8500026');
INSERT INTO `game_event_gameobject` (`eventEntry`, `guid`) VALUES ('65', '8500027');
INSERT INTO `game_event_gameobject` (`eventEntry`, `guid`) VALUES ('65', '8500028');
INSERT INTO `game_event_gameobject` (`eventEntry`, `guid`) VALUES ('65', '8500029');
INSERT INTO `game_event_gameobject` (`eventEntry`, `guid`) VALUES ('65', '8500030');
INSERT INTO `game_event_gameobject` (`eventEntry`, `guid`) VALUES ('65', '8500031');
INSERT INTO `game_event_gameobject` (`eventEntry`, `guid`) VALUES ('65', '8500032');
INSERT INTO `game_event_gameobject` (`eventEntry`, `guid`) VALUES ('65', '8500033');
INSERT INTO `game_event_gameobject` (`eventEntry`, `guid`) VALUES ('65', '8500034');
INSERT INTO `game_event_gameobject` (`eventEntry`, `guid`) VALUES ('65', '8500035');
INSERT INTO `game_event_gameobject` (`eventEntry`, `guid`) VALUES ('65', '8500036');
INSERT INTO `game_event_gameobject` (`eventEntry`, `guid`) VALUES ('65', '8500037');
INSERT INTO `game_event_gameobject` (`eventEntry`, `guid`) VALUES ('65', '8500038');
INSERT INTO `game_event_gameobject` (`eventEntry`, `guid`) VALUES ('65', '8500039');
INSERT INTO `game_event_gameobject` (`eventEntry`, `guid`) VALUES ('65', '8500040');
INSERT INTO `game_event_gameobject` (`eventEntry`, `guid`) VALUES ('65', '8500041');
INSERT INTO `game_event_gameobject` (`eventEntry`, `guid`) VALUES ('65', '8500042');
INSERT INTO `game_event_gameobject` (`eventEntry`, `guid`) VALUES ('65', '8500043');
INSERT INTO `game_event_gameobject` (`eventEntry`, `guid`) VALUES ('65', '8500044');
INSERT INTO `game_event_gameobject` (`eventEntry`, `guid`) VALUES ('65', '8500045');
INSERT INTO `game_event_gameobject` (`eventEntry`, `guid`) VALUES ('65', '8500046');
INSERT INTO `game_event_gameobject` (`eventEntry`, `guid`) VALUES ('65', '8500047');
INSERT INTO `game_event_gameobject` (`eventEntry`, `guid`) VALUES ('65', '8500048');
INSERT INTO `game_event_gameobject` (`eventEntry`, `guid`) VALUES ('65', '8500049');
INSERT INTO `game_event_gameobject` (`eventEntry`, `guid`) VALUES ('65', '8500050');
INSERT INTO `game_event_gameobject` (`eventEntry`, `guid`) VALUES ('65', '8500051');
INSERT INTO `game_event_gameobject` (`eventEntry`, `guid`) VALUES ('65', '8500052');
INSERT INTO `game_event_gameobject` (`eventEntry`, `guid`) VALUES ('65', '8500053');
INSERT INTO `game_event_gameobject` (`eventEntry`, `guid`) VALUES ('65', '8500054');
INSERT INTO `game_event_gameobject` (`eventEntry`, `guid`) VALUES ('65', '8500055');
INSERT INTO `game_event_gameobject` (`eventEntry`, `guid`) VALUES ('65', '8500056');
INSERT INTO `game_event_gameobject` (`eventEntry`, `guid`) VALUES ('65', '8500057');
INSERT INTO `game_event_gameobject` (`eventEntry`, `guid`) VALUES ('65', '8500058');
INSERT INTO `game_event_gameobject` (`eventEntry`, `guid`) VALUES ('65', '8500059');
INSERT INTO `game_event_gameobject` (`eventEntry`, `guid`) VALUES ('65', '8500060');
INSERT INTO `game_event_gameobject` (`eventEntry`, `guid`) VALUES ('65', '8500061');
INSERT INTO `game_event_gameobject` (`eventEntry`, `guid`) VALUES ('65', '8500062');
INSERT INTO `game_event_gameobject` (`eventEntry`, `guid`) VALUES ('65', '8500063');

DELETE FROM `creature` WHERE `id` IN ('391266', '391267', '391268', '391269', '391270', '391271');
insert into `creature` (`guid`, `id`, `map`, `spawnMask`, `phaseMask`, `modelid`, `equipment_id`, `position_x`, `position_y`, `position_z`, `orientation`, `spawntimesecs`, `spawndist`, `currentwaypoint`, `curhealth`, `curmana`, `MovementType`, `npcflag`, `unit_flags`, `dynamicflags`) values('14500000','391266','0','1','3969','0','0','-8988.67','661.133','159.434','0.675405','300','0','0','3052','0','0','0','0','0');
insert into `creature` (`guid`, `id`, `map`, `spawnMask`, `phaseMask`, `modelid`, `equipment_id`, `position_x`, `position_y`, `position_z`, `orientation`, `spawntimesecs`, `spawndist`, `currentwaypoint`, `curhealth`, `curmana`, `MovementType`, `npcflag`, `unit_flags`, `dynamicflags`) values('14500001','391266','1','1','3969','0','0','1512.44','-4437.06','23.9141','3.31239','300','0','0','3052','0','0','0','0','0');
insert into `creature` (`guid`, `id`, `map`, `spawnMask`, `phaseMask`, `modelid`, `equipment_id`, `position_x`, `position_y`, `position_z`, `orientation`, `spawntimesecs`, `spawndist`, `currentwaypoint`, `curhealth`, `curmana`, `MovementType`, `npcflag`, `unit_flags`, `dynamicflags`) values('14500002','391266','1','1','3969','0','0','1507.14','-4402.01','23.6484','2.41312','300','0','0','3052','0','0','0','0','0');
insert into `creature` (`guid`, `id`, `map`, `spawnMask`, `phaseMask`, `modelid`, `equipment_id`, `position_x`, `position_y`, `position_z`, `orientation`, `spawntimesecs`, `spawndist`, `currentwaypoint`, `curhealth`, `curmana`, `MovementType`, `npcflag`, `unit_flags`, `dynamicflags`) values('14500003','391266','1','1','3969','0','0','1516.31','-4358.62','77.2579','3.32811','300','0','0','3052','0','0','0','0','0');
insert into `creature` (`guid`, `id`, `map`, `spawnMask`, `phaseMask`, `modelid`, `equipment_id`, `position_x`, `position_y`, `position_z`, `orientation`, `spawntimesecs`, `spawndist`, `currentwaypoint`, `curhealth`, `curmana`, `MovementType`, `npcflag`, `unit_flags`, `dynamicflags`) values('14500004','391266','1','1','3969','0','0','1498.56','-4356.98','73.832','3.57944','300','0','0','3052','0','0','0','0','0');
insert into `creature` (`guid`, `id`, `map`, `spawnMask`, `phaseMask`, `modelid`, `equipment_id`, `position_x`, `position_y`, `position_z`, `orientation`, `spawntimesecs`, `spawndist`, `currentwaypoint`, `curhealth`, `curmana`, `MovementType`, `npcflag`, `unit_flags`, `dynamicflags`) values('14500005','391266','1','1','3969','0','0','1489.99','-4342.88','114.831','4.8989','300','0','0','3052','0','0','0','0','0');
insert into `creature` (`guid`, `id`, `map`, `spawnMask`, `phaseMask`, `modelid`, `equipment_id`, `position_x`, `position_y`, `position_z`, `orientation`, `spawntimesecs`, `spawndist`, `currentwaypoint`, `curhealth`, `curmana`, `MovementType`, `npcflag`, `unit_flags`, `dynamicflags`) values('14500006','391266','1','1','3969','0','0','1473.4','-4361.18','111.381','3.6894','300','0','0','3052','0','0','0','0','0');
insert into `creature` (`guid`, `id`, `map`, `spawnMask`, `phaseMask`, `modelid`, `equipment_id`, `position_x`, `position_y`, `position_z`, `orientation`, `spawntimesecs`, `spawndist`, `currentwaypoint`, `curhealth`, `curmana`, `MovementType`, `npcflag`, `unit_flags`, `dynamicflags`) values('14500007','391266','1','1','3969','0','0','1473.1','-4379.03','78.6737','5.31124','300','0','0','3052','0','0','0','0','0');
insert into `creature` (`guid`, `id`, `map`, `spawnMask`, `phaseMask`, `modelid`, `equipment_id`, `position_x`, `position_y`, `position_z`, `orientation`, `spawntimesecs`, `spawndist`, `currentwaypoint`, `curhealth`, `curmana`, `MovementType`, `npcflag`, `unit_flags`, `dynamicflags`) values('14500008','391266','1','1','3969','0','0','1478.8','-4411.94','79.1377','4.84391','300','0','0','3052','0','0','0','0','0');
insert into `creature` (`guid`, `id`, `map`, `spawnMask`, `phaseMask`, `modelid`, `equipment_id`, `position_x`, `position_y`, `position_z`, `orientation`, `spawntimesecs`, `spawndist`, `currentwaypoint`, `curhealth`, `curmana`, `MovementType`, `npcflag`, `unit_flags`, `dynamicflags`) values('14500009','391266','1','1','3969','0','0','1485.66','-4450.36','78.594','4.67505','300','0','0','3052','0','0','0','0','0');
insert into `creature` (`guid`, `id`, `map`, `spawnMask`, `phaseMask`, `modelid`, `equipment_id`, `position_x`, `position_y`, `position_z`, `orientation`, `spawntimesecs`, `spawndist`, `currentwaypoint`, `curhealth`, `curmana`, `MovementType`, `npcflag`, `unit_flags`, `dynamicflags`) values('14500010','391266','1','1','3969','0','0','1512.02','-4463.97','69.4099','0.449599','300','0','0','3052','0','0','0','0','0');
insert into `creature` (`guid`, `id`, `map`, `spawnMask`, `phaseMask`, `modelid`, `equipment_id`, `position_x`, `position_y`, `position_z`, `orientation`, `spawntimesecs`, `spawndist`, `currentwaypoint`, `curhealth`, `curmana`, `MovementType`, `npcflag`, `unit_flags`, `dynamicflags`) values('14500011','391266','1','1','3969','0','0','1533.65','-4455.64','71.2011','0.316082','300','0','0','3052','0','0','0','0','0');
insert into `creature` (`guid`, `id`, `map`, `spawnMask`, `phaseMask`, `modelid`, `equipment_id`, `position_x`, `position_y`, `position_z`, `orientation`, `spawntimesecs`, `spawndist`, `currentwaypoint`, `curhealth`, `curmana`, `MovementType`, `npcflag`, `unit_flags`, `dynamicflags`) values('14500012','391266','1','1','3969','0','0','1510.46','-4484.13','107.345','2.14214','300','0','0','3052','0','0','0','0','0');
insert into `creature` (`guid`, `id`, `map`, `spawnMask`, `phaseMask`, `modelid`, `equipment_id`, `position_x`, `position_y`, `position_z`, `orientation`, `spawntimesecs`, `spawndist`, `currentwaypoint`, `curhealth`, `curmana`, `MovementType`, `npcflag`, `unit_flags`, `dynamicflags`) values('14500013','391266','1','1','3969','0','0','1483.39','-4474.08','107.629','3.17494','300','0','0','3052','0','0','0','0','0');
insert into `creature` (`guid`, `id`, `map`, `spawnMask`, `phaseMask`, `modelid`, `equipment_id`, `position_x`, `position_y`, `position_z`, `orientation`, `spawntimesecs`, `spawndist`, `currentwaypoint`, `curhealth`, `curmana`, `MovementType`, `npcflag`, `unit_flags`, `dynamicflags`) values('14500014','391266','1','1','3969','0','0','1526.91','-4478.16','72.2201','3.14351','300','0','0','3052','0','0','0','0','0');
insert into `creature` (`guid`, `id`, `map`, `spawnMask`, `phaseMask`, `modelid`, `equipment_id`, `position_x`, `position_y`, `position_z`, `orientation`, `spawntimesecs`, `spawndist`, `currentwaypoint`, `curhealth`, `curmana`, `MovementType`, `npcflag`, `unit_flags`, `dynamicflags`) values('14500015','391266','1','1','3969','0','0','1549.07','-4467.3','73.551','0.477087','300','0','0','3052','0','0','0','0','0');
insert into `creature` (`guid`, `id`, `map`, `spawnMask`, `phaseMask`, `modelid`, `equipment_id`, `position_x`, `position_y`, `position_z`, `orientation`, `spawntimesecs`, `spawndist`, `currentwaypoint`, `curhealth`, `curmana`, `MovementType`, `npcflag`, `unit_flags`, `dynamicflags`) values('14500016','391266','1','1','3969','0','0','1493.19','-4409.8','73.7081','6.16729','300','0','0','3052','0','0','0','0','0');
insert into `creature` (`guid`, `id`, `map`, `spawnMask`, `phaseMask`, `modelid`, `equipment_id`, `position_x`, `position_y`, `position_z`, `orientation`, `spawntimesecs`, `spawndist`, `currentwaypoint`, `curhealth`, `curmana`, `MovementType`, `npcflag`, `unit_flags`, `dynamicflags`) values('14500017','391266','1','1','3969','0','0','1526.08','-4376.3','82.2122','4.68683','300','0','0','3052','0','0','0','0','0');
insert into `creature` (`guid`, `id`, `map`, `spawnMask`, `phaseMask`, `modelid`, `equipment_id`, `position_x`, `position_y`, `position_z`, `orientation`, `spawntimesecs`, `spawndist`, `currentwaypoint`, `curhealth`, `curmana`, `MovementType`, `npcflag`, `unit_flags`, `dynamicflags`) values('14500018','391266','0','1','3969','0','0','-8980.44','689.457','159.434','5.51346','300','0','0','3052','0','0','0','0','0');
insert into `creature` (`guid`, `id`, `map`, `spawnMask`, `phaseMask`, `modelid`, `equipment_id`, `position_x`, `position_y`, `position_z`, `orientation`, `spawntimesecs`, `spawndist`, `currentwaypoint`, `curhealth`, `curmana`, `MovementType`, `npcflag`, `unit_flags`, `dynamicflags`) values('14500019','391266','0','1','3969','0','0','-8966.13','652.785','129.279','5.39957','300','0','0','3052','0','0','0','0','0');
insert into `creature` (`guid`, `id`, `map`, `spawnMask`, `phaseMask`, `modelid`, `equipment_id`, `position_x`, `position_y`, `position_z`, `orientation`, `spawntimesecs`, `spawndist`, `currentwaypoint`, `curhealth`, `curmana`, `MovementType`, `npcflag`, `unit_flags`, `dynamicflags`) values('14500020','391266','0','1','3969','0','0','-8967.17','631.151','138.9','5.54487','300','0','0','3052','0','0','0','0','0');
insert into `creature` (`guid`, `id`, `map`, `spawnMask`, `phaseMask`, `modelid`, `equipment_id`, `position_x`, `position_y`, `position_z`, `orientation`, `spawntimesecs`, `spawndist`, `currentwaypoint`, `curhealth`, `curmana`, `MovementType`, `npcflag`, `unit_flags`, `dynamicflags`) values('14500021','391266','0','1','3969','0','0','-8921.5','613.799','145.473','0.14525','300','0','0','3052','0','0','0','0','0');
insert into `creature` (`guid`, `id`, `map`, `spawnMask`, `phaseMask`, `modelid`, `equipment_id`, `position_x`, `position_y`, `position_z`, `orientation`, `spawntimesecs`, `spawndist`, `currentwaypoint`, `curhealth`, `curmana`, `MovementType`, `npcflag`, `unit_flags`, `dynamicflags`) values('14500022','391266','0','1','3969','0','0','-8903.73','584.309','145.467','4.39035','300','0','0','3052','0','0','0','0','0');
insert into `creature` (`guid`, `id`, `map`, `spawnMask`, `phaseMask`, `modelid`, `equipment_id`, `position_x`, `position_y`, `position_z`, `orientation`, `spawntimesecs`, `spawndist`, `currentwaypoint`, `curhealth`, `curmana`, `MovementType`, `npcflag`, `unit_flags`, `dynamicflags`) values('14500023','391266','0','1','3969','0','0','-8912.8','597.833','158.546','1.82603','300','0','0','3052','0','0','0','0','0');
insert into `creature` (`guid`, `id`, `map`, `spawnMask`, `phaseMask`, `modelid`, `equipment_id`, `position_x`, `position_y`, `position_z`, `orientation`, `spawntimesecs`, `spawndist`, `currentwaypoint`, `curhealth`, `curmana`, `MovementType`, `npcflag`, `unit_flags`, `dynamicflags`) values('14500024','391266','0','1','3969','0','0','-8898.85','570.42','116.215','0.310214','300','0','0','3052','0','0','0','0','0');
insert into `creature` (`guid`, `id`, `map`, `spawnMask`, `phaseMask`, `modelid`, `equipment_id`, `position_x`, `position_y`, `position_z`, `orientation`, `spawntimesecs`, `spawndist`, `currentwaypoint`, `curhealth`, `curmana`, `MovementType`, `npcflag`, `unit_flags`, `dynamicflags`) values('14500025','391266','0','1','3969','0','0','-8868.54','553.837','145.471','6.08681','300','0','0','3052','0','0','0','0','0');
insert into `creature` (`guid`, `id`, `map`, `spawnMask`, `phaseMask`, `modelid`, `equipment_id`, `position_x`, `position_y`, `position_z`, `orientation`, `spawntimesecs`, `spawndist`, `currentwaypoint`, `curhealth`, `curmana`, `MovementType`, `npcflag`, `unit_flags`, `dynamicflags`) values('14500026','391266','0','1','3969','0','0','-8846.63','501.374','138.934','5.33446','300','0','0','3052','0','0','0','0','0');
insert into `creature` (`guid`, `id`, `map`, `spawnMask`, `phaseMask`, `modelid`, `equipment_id`, `position_x`, `position_y`, `position_z`, `orientation`, `spawntimesecs`, `spawndist`, `currentwaypoint`, `curhealth`, `curmana`, `MovementType`, `npcflag`, `unit_flags`, `dynamicflags`) values('14500027','391266','0','1','3969','0','0','-8816.06','465.552','138.939','5.18393','300','0','0','3052','0','0','0','0','0');
insert into `creature` (`guid`, `id`, `map`, `spawnMask`, `phaseMask`, `modelid`, `equipment_id`, `position_x`, `position_y`, `position_z`, `orientation`, `spawntimesecs`, `spawndist`, `currentwaypoint`, `curhealth`, `curmana`, `MovementType`, `npcflag`, `unit_flags`, `dynamicflags`) values('14500028','391266','0','1','3969','0','0','-8853.97','479.216','143.761','2.30235','300','0','0','3052','0','0','0','0','0');
insert into `creature` (`guid`, `id`, `map`, `spawnMask`, `phaseMask`, `modelid`, `equipment_id`, `position_x`, `position_y`, `position_z`, `orientation`, `spawntimesecs`, `spawndist`, `currentwaypoint`, `curhealth`, `curmana`, `MovementType`, `npcflag`, `unit_flags`, `dynamicflags`) values('14500029','391266','0','1','3969','0','0','-8859.5','533.678','162.202','1.66225','300','0','0','3052','0','0','0','0','0');
insert into `creature` (`guid`, `id`, `map`, `spawnMask`, `phaseMask`, `modelid`, `equipment_id`, `position_x`, `position_y`, `position_z`, `orientation`, `spawntimesecs`, `spawndist`, `currentwaypoint`, `curhealth`, `curmana`, `MovementType`, `npcflag`, `unit_flags`, `dynamicflags`) values('14500030','391266','0','1','3969','0','0','-8809.1','455.239','159.434','6.25678','300','0','0','3052','0','0','0','0','0');
insert into `creature` (`guid`, `id`, `map`, `spawnMask`, `phaseMask`, `modelid`, `equipment_id`, `position_x`, `position_y`, `position_z`, `orientation`, `spawntimesecs`, `spawndist`, `currentwaypoint`, `curhealth`, `curmana`, `MovementType`, `npcflag`, `unit_flags`, `dynamicflags`) values('14500031','391266','0','1','3969','0','0','-8780.17','446.009','159.434','5.43868','300','0','0','3052','0','0','0','0','0');
insert into `creature` (`guid`, `id`, `map`, `spawnMask`, `phaseMask`, `modelid`, `equipment_id`, `position_x`, `position_y`, `position_z`, `orientation`, `spawntimesecs`, `spawndist`, `currentwaypoint`, `curhealth`, `curmana`, `MovementType`, `npcflag`, `unit_flags`, `dynamicflags`) values('14500032','391266','0','1','3969','0','0','-8892.59','595.028','107.371','5.06168','300','0','0','3052','0','0','0','0','0');
insert into `creature` (`guid`, `id`, `map`, `spawnMask`, `phaseMask`, `modelid`, `equipment_id`, `position_x`, `position_y`, `position_z`, `orientation`, `spawntimesecs`, `spawndist`, `currentwaypoint`, `curhealth`, `curmana`, `MovementType`, `npcflag`, `unit_flags`, `dynamicflags`) values('14500033','391266','0','1','3969','0','0','-8893.68','582.16','93.1931','3.02357','300','0','0','3052','0','0','0','0','0');
insert into `creature` (`guid`, `id`, `map`, `spawnMask`, `phaseMask`, `modelid`, `equipment_id`, `position_x`, `position_y`, `position_z`, `orientation`, `spawntimesecs`, `spawndist`, `currentwaypoint`, `curhealth`, `curmana`, `MovementType`, `npcflag`, `unit_flags`, `dynamicflags`) values('14500034','391267','1','1','3969','0','0','1512.44','-4437.06','23.9141','3.31239','300','0','0','3052','0','0','0','0','0');
insert into `creature` (`guid`, `id`, `map`, `spawnMask`, `phaseMask`, `modelid`, `equipment_id`, `position_x`, `position_y`, `position_z`, `orientation`, `spawntimesecs`, `spawndist`, `currentwaypoint`, `curhealth`, `curmana`, `MovementType`, `npcflag`, `unit_flags`, `dynamicflags`) values('14500035','391267','1','1','3969','0','0','1507.14','-4402.01','23.6484','2.41312','300','0','0','3052','0','0','0','0','0');
insert into `creature` (`guid`, `id`, `map`, `spawnMask`, `phaseMask`, `modelid`, `equipment_id`, `position_x`, `position_y`, `position_z`, `orientation`, `spawntimesecs`, `spawndist`, `currentwaypoint`, `curhealth`, `curmana`, `MovementType`, `npcflag`, `unit_flags`, `dynamicflags`) values('14500036','391267','1','1','3969','0','0','1516.31','-4358.62','77.2579','3.32811','300','0','0','3052','0','0','0','0','0');
insert into `creature` (`guid`, `id`, `map`, `spawnMask`, `phaseMask`, `modelid`, `equipment_id`, `position_x`, `position_y`, `position_z`, `orientation`, `spawntimesecs`, `spawndist`, `currentwaypoint`, `curhealth`, `curmana`, `MovementType`, `npcflag`, `unit_flags`, `dynamicflags`) values('14500037','391267','1','1','3969','0','0','1498.56','-4356.98','73.832','3.57944','300','0','0','3052','0','0','0','0','0');
insert into `creature` (`guid`, `id`, `map`, `spawnMask`, `phaseMask`, `modelid`, `equipment_id`, `position_x`, `position_y`, `position_z`, `orientation`, `spawntimesecs`, `spawndist`, `currentwaypoint`, `curhealth`, `curmana`, `MovementType`, `npcflag`, `unit_flags`, `dynamicflags`) values('14500038','391267','1','1','3969','0','0','1489.99','-4342.88','114.831','4.8989','300','0','0','3052','0','0','0','0','0');
insert into `creature` (`guid`, `id`, `map`, `spawnMask`, `phaseMask`, `modelid`, `equipment_id`, `position_x`, `position_y`, `position_z`, `orientation`, `spawntimesecs`, `spawndist`, `currentwaypoint`, `curhealth`, `curmana`, `MovementType`, `npcflag`, `unit_flags`, `dynamicflags`) values('14500039','391267','1','1','3969','0','0','1473.4','-4361.18','111.381','3.6894','300','0','0','3052','0','0','0','0','0');
insert into `creature` (`guid`, `id`, `map`, `spawnMask`, `phaseMask`, `modelid`, `equipment_id`, `position_x`, `position_y`, `position_z`, `orientation`, `spawntimesecs`, `spawndist`, `currentwaypoint`, `curhealth`, `curmana`, `MovementType`, `npcflag`, `unit_flags`, `dynamicflags`) values('14500040','391267','1','1','3969','0','0','1473.1','-4379.03','78.6737','5.31124','300','0','0','3052','0','0','0','0','0');
insert into `creature` (`guid`, `id`, `map`, `spawnMask`, `phaseMask`, `modelid`, `equipment_id`, `position_x`, `position_y`, `position_z`, `orientation`, `spawntimesecs`, `spawndist`, `currentwaypoint`, `curhealth`, `curmana`, `MovementType`, `npcflag`, `unit_flags`, `dynamicflags`) values('14500041','391267','1','1','3969','0','0','1478.8','-4411.94','79.1377','4.84391','300','0','0','3052','0','0','0','0','0');
insert into `creature` (`guid`, `id`, `map`, `spawnMask`, `phaseMask`, `modelid`, `equipment_id`, `position_x`, `position_y`, `position_z`, `orientation`, `spawntimesecs`, `spawndist`, `currentwaypoint`, `curhealth`, `curmana`, `MovementType`, `npcflag`, `unit_flags`, `dynamicflags`) values('14500042','391267','1','1','3969','0','0','1485.66','-4450.36','78.594','4.67505','300','0','0','3052','0','0','0','0','0');
insert into `creature` (`guid`, `id`, `map`, `spawnMask`, `phaseMask`, `modelid`, `equipment_id`, `position_x`, `position_y`, `position_z`, `orientation`, `spawntimesecs`, `spawndist`, `currentwaypoint`, `curhealth`, `curmana`, `MovementType`, `npcflag`, `unit_flags`, `dynamicflags`) values('14500043','391267','1','1','3969','0','0','1512.02','-4463.97','69.4099','0.449599','300','0','0','3052','0','0','0','0','0');
insert into `creature` (`guid`, `id`, `map`, `spawnMask`, `phaseMask`, `modelid`, `equipment_id`, `position_x`, `position_y`, `position_z`, `orientation`, `spawntimesecs`, `spawndist`, `currentwaypoint`, `curhealth`, `curmana`, `MovementType`, `npcflag`, `unit_flags`, `dynamicflags`) values('14500044','391267','1','1','3969','0','0','1533.65','-4455.64','71.2011','0.316082','300','0','0','3052','0','0','0','0','0');
insert into `creature` (`guid`, `id`, `map`, `spawnMask`, `phaseMask`, `modelid`, `equipment_id`, `position_x`, `position_y`, `position_z`, `orientation`, `spawntimesecs`, `spawndist`, `currentwaypoint`, `curhealth`, `curmana`, `MovementType`, `npcflag`, `unit_flags`, `dynamicflags`) values('14500045','391267','1','1','3969','0','0','1510.46','-4484.13','107.345','2.14214','300','0','0','3052','0','0','0','0','0');
insert into `creature` (`guid`, `id`, `map`, `spawnMask`, `phaseMask`, `modelid`, `equipment_id`, `position_x`, `position_y`, `position_z`, `orientation`, `spawntimesecs`, `spawndist`, `currentwaypoint`, `curhealth`, `curmana`, `MovementType`, `npcflag`, `unit_flags`, `dynamicflags`) values('14500046','391267','1','1','3969','0','0','1483.39','-4474.08','107.629','3.17494','300','0','0','3052','0','0','0','0','0');
insert into `creature` (`guid`, `id`, `map`, `spawnMask`, `phaseMask`, `modelid`, `equipment_id`, `position_x`, `position_y`, `position_z`, `orientation`, `spawntimesecs`, `spawndist`, `currentwaypoint`, `curhealth`, `curmana`, `MovementType`, `npcflag`, `unit_flags`, `dynamicflags`) values('14500047','391267','1','1','3969','0','0','1526.91','-4478.16','72.2201','3.14351','300','0','0','3052','0','0','0','0','0');
insert into `creature` (`guid`, `id`, `map`, `spawnMask`, `phaseMask`, `modelid`, `equipment_id`, `position_x`, `position_y`, `position_z`, `orientation`, `spawntimesecs`, `spawndist`, `currentwaypoint`, `curhealth`, `curmana`, `MovementType`, `npcflag`, `unit_flags`, `dynamicflags`) values('14500048','391267','1','1','3969','0','0','1549.07','-4467.3','73.551','0.477087','300','0','0','3052','0','0','0','0','0');
insert into `creature` (`guid`, `id`, `map`, `spawnMask`, `phaseMask`, `modelid`, `equipment_id`, `position_x`, `position_y`, `position_z`, `orientation`, `spawntimesecs`, `spawndist`, `currentwaypoint`, `curhealth`, `curmana`, `MovementType`, `npcflag`, `unit_flags`, `dynamicflags`) values('14500049','391267','1','1','3969','0','0','1493.19','-4409.8','73.7081','6.16729','300','0','0','3052','0','0','0','0','0');
insert into `creature` (`guid`, `id`, `map`, `spawnMask`, `phaseMask`, `modelid`, `equipment_id`, `position_x`, `position_y`, `position_z`, `orientation`, `spawntimesecs`, `spawndist`, `currentwaypoint`, `curhealth`, `curmana`, `MovementType`, `npcflag`, `unit_flags`, `dynamicflags`) values('14500050','391267','1','1','3969','0','0','1526.08','-4376.3','82.2122','4.68683','300','0','0','3052','0','0','0','0','0');
insert into `creature` (`guid`, `id`, `map`, `spawnMask`, `phaseMask`, `modelid`, `equipment_id`, `position_x`, `position_y`, `position_z`, `orientation`, `spawntimesecs`, `spawndist`, `currentwaypoint`, `curhealth`, `curmana`, `MovementType`, `npcflag`, `unit_flags`, `dynamicflags`) values('14500051','391267','0','1','3969','0','0','-8988.67','661.133','159.434','0.675405','300','0','0','3052','0','0','0','0','0');
insert into `creature` (`guid`, `id`, `map`, `spawnMask`, `phaseMask`, `modelid`, `equipment_id`, `position_x`, `position_y`, `position_z`, `orientation`, `spawntimesecs`, `spawndist`, `currentwaypoint`, `curhealth`, `curmana`, `MovementType`, `npcflag`, `unit_flags`, `dynamicflags`) values('14500052','391267','0','1','3969','0','0','-8980.44','689.457','159.434','5.51346','300','0','0','3052','0','0','0','0','0');
insert into `creature` (`guid`, `id`, `map`, `spawnMask`, `phaseMask`, `modelid`, `equipment_id`, `position_x`, `position_y`, `position_z`, `orientation`, `spawntimesecs`, `spawndist`, `currentwaypoint`, `curhealth`, `curmana`, `MovementType`, `npcflag`, `unit_flags`, `dynamicflags`) values('14500053','391267','0','1','3969','0','0','-8966.13','652.785','129.279','5.39957','300','0','0','3052','0','0','0','0','0');
insert into `creature` (`guid`, `id`, `map`, `spawnMask`, `phaseMask`, `modelid`, `equipment_id`, `position_x`, `position_y`, `position_z`, `orientation`, `spawntimesecs`, `spawndist`, `currentwaypoint`, `curhealth`, `curmana`, `MovementType`, `npcflag`, `unit_flags`, `dynamicflags`) values('14500054','391267','0','1','3969','0','0','-8967.17','631.151','138.9','5.54487','300','0','0','3052','0','0','0','0','0');
insert into `creature` (`guid`, `id`, `map`, `spawnMask`, `phaseMask`, `modelid`, `equipment_id`, `position_x`, `position_y`, `position_z`, `orientation`, `spawntimesecs`, `spawndist`, `currentwaypoint`, `curhealth`, `curmana`, `MovementType`, `npcflag`, `unit_flags`, `dynamicflags`) values('14500055','391267','0','1','3969','0','0','-8921.5','613.799','145.473','0.14525','300','0','0','3052','0','0','0','0','0');
insert into `creature` (`guid`, `id`, `map`, `spawnMask`, `phaseMask`, `modelid`, `equipment_id`, `position_x`, `position_y`, `position_z`, `orientation`, `spawntimesecs`, `spawndist`, `currentwaypoint`, `curhealth`, `curmana`, `MovementType`, `npcflag`, `unit_flags`, `dynamicflags`) values('14500056','391267','0','1','3969','0','0','-8903.73','584.309','145.467','4.39035','300','0','0','3052','0','0','0','0','0');
insert into `creature` (`guid`, `id`, `map`, `spawnMask`, `phaseMask`, `modelid`, `equipment_id`, `position_x`, `position_y`, `position_z`, `orientation`, `spawntimesecs`, `spawndist`, `currentwaypoint`, `curhealth`, `curmana`, `MovementType`, `npcflag`, `unit_flags`, `dynamicflags`) values('14500057','391267','0','1','3969','0','0','-8912.8','597.833','158.546','1.82603','300','0','0','3052','0','0','0','0','0');
insert into `creature` (`guid`, `id`, `map`, `spawnMask`, `phaseMask`, `modelid`, `equipment_id`, `position_x`, `position_y`, `position_z`, `orientation`, `spawntimesecs`, `spawndist`, `currentwaypoint`, `curhealth`, `curmana`, `MovementType`, `npcflag`, `unit_flags`, `dynamicflags`) values('14500058','391267','0','1','3969','0','0','-8898.85','570.42','116.215','0.310214','300','0','0','3052','0','0','0','0','0');
insert into `creature` (`guid`, `id`, `map`, `spawnMask`, `phaseMask`, `modelid`, `equipment_id`, `position_x`, `position_y`, `position_z`, `orientation`, `spawntimesecs`, `spawndist`, `currentwaypoint`, `curhealth`, `curmana`, `MovementType`, `npcflag`, `unit_flags`, `dynamicflags`) values('14500059','391267','0','1','3969','0','0','-8868.54','553.837','145.471','6.08681','300','0','0','3052','0','0','0','0','0');
insert into `creature` (`guid`, `id`, `map`, `spawnMask`, `phaseMask`, `modelid`, `equipment_id`, `position_x`, `position_y`, `position_z`, `orientation`, `spawntimesecs`, `spawndist`, `currentwaypoint`, `curhealth`, `curmana`, `MovementType`, `npcflag`, `unit_flags`, `dynamicflags`) values('14500060','391267','0','1','3969','0','0','-8846.63','501.374','138.934','5.33446','300','0','0','3052','0','0','0','0','0');
insert into `creature` (`guid`, `id`, `map`, `spawnMask`, `phaseMask`, `modelid`, `equipment_id`, `position_x`, `position_y`, `position_z`, `orientation`, `spawntimesecs`, `spawndist`, `currentwaypoint`, `curhealth`, `curmana`, `MovementType`, `npcflag`, `unit_flags`, `dynamicflags`) values('14500061','391267','0','1','3969','0','0','-8816.06','465.552','138.939','5.18393','300','0','0','3052','0','0','0','0','0');
insert into `creature` (`guid`, `id`, `map`, `spawnMask`, `phaseMask`, `modelid`, `equipment_id`, `position_x`, `position_y`, `position_z`, `orientation`, `spawntimesecs`, `spawndist`, `currentwaypoint`, `curhealth`, `curmana`, `MovementType`, `npcflag`, `unit_flags`, `dynamicflags`) values('14500062','391267','0','1','3969','0','0','-8853.97','479.216','143.761','2.30235','300','0','0','3052','0','0','0','0','0');
insert into `creature` (`guid`, `id`, `map`, `spawnMask`, `phaseMask`, `modelid`, `equipment_id`, `position_x`, `position_y`, `position_z`, `orientation`, `spawntimesecs`, `spawndist`, `currentwaypoint`, `curhealth`, `curmana`, `MovementType`, `npcflag`, `unit_flags`, `dynamicflags`) values('14500063','391267','0','1','3969','0','0','-8859.5','533.678','162.202','1.66225','300','0','0','3052','0','0','0','0','0');
insert into `creature` (`guid`, `id`, `map`, `spawnMask`, `phaseMask`, `modelid`, `equipment_id`, `position_x`, `position_y`, `position_z`, `orientation`, `spawntimesecs`, `spawndist`, `currentwaypoint`, `curhealth`, `curmana`, `MovementType`, `npcflag`, `unit_flags`, `dynamicflags`) values('14500064','391267','0','1','3969','0','0','-8809.1','455.239','159.434','6.25678','300','0','0','3052','0','0','0','0','0');
insert into `creature` (`guid`, `id`, `map`, `spawnMask`, `phaseMask`, `modelid`, `equipment_id`, `position_x`, `position_y`, `position_z`, `orientation`, `spawntimesecs`, `spawndist`, `currentwaypoint`, `curhealth`, `curmana`, `MovementType`, `npcflag`, `unit_flags`, `dynamicflags`) values('14500065','391267','0','1','3969','0','0','-8780.17','446.009','159.434','5.43868','300','0','0','3052','0','0','0','0','0');
insert into `creature` (`guid`, `id`, `map`, `spawnMask`, `phaseMask`, `modelid`, `equipment_id`, `position_x`, `position_y`, `position_z`, `orientation`, `spawntimesecs`, `spawndist`, `currentwaypoint`, `curhealth`, `curmana`, `MovementType`, `npcflag`, `unit_flags`, `dynamicflags`) values('14500066','391267','0','1','3969','0','0','-8892.59','595.028','107.371','5.06168','300','0','0','3052','0','0','0','0','0');
insert into `creature` (`guid`, `id`, `map`, `spawnMask`, `phaseMask`, `modelid`, `equipment_id`, `position_x`, `position_y`, `position_z`, `orientation`, `spawntimesecs`, `spawndist`, `currentwaypoint`, `curhealth`, `curmana`, `MovementType`, `npcflag`, `unit_flags`, `dynamicflags`) values('14500067','391267','0','1','3969','0','0','-8893.68','582.16','93.1931','3.02357','300','0','0','3052','0','0','0','0','0');
insert into `creature` (`guid`, `id`, `map`, `spawnMask`, `phaseMask`, `modelid`, `equipment_id`, `position_x`, `position_y`, `position_z`, `orientation`, `spawntimesecs`, `spawndist`, `currentwaypoint`, `curhealth`, `curmana`, `MovementType`, `npcflag`, `unit_flags`, `dynamicflags`) values('14500068','391267','1','1','3969','0','0','1512.44','-4437.06','23.9141','3.31239','300','0','0','3052','0','0','0','0','0');
insert into `creature` (`guid`, `id`, `map`, `spawnMask`, `phaseMask`, `modelid`, `equipment_id`, `position_x`, `position_y`, `position_z`, `orientation`, `spawntimesecs`, `spawndist`, `currentwaypoint`, `curhealth`, `curmana`, `MovementType`, `npcflag`, `unit_flags`, `dynamicflags`) values('14500069','391267','1','1','3969','0','0','1507.14','-4402.01','23.6484','2.41312','300','0','0','3052','0','0','0','0','0');
insert into `creature` (`guid`, `id`, `map`, `spawnMask`, `phaseMask`, `modelid`, `equipment_id`, `position_x`, `position_y`, `position_z`, `orientation`, `spawntimesecs`, `spawndist`, `currentwaypoint`, `curhealth`, `curmana`, `MovementType`, `npcflag`, `unit_flags`, `dynamicflags`) values('14500070','391267','1','1','3969','0','0','1516.31','-4358.62','77.2579','3.32811','300','0','0','3052','0','0','0','0','0');
insert into `creature` (`guid`, `id`, `map`, `spawnMask`, `phaseMask`, `modelid`, `equipment_id`, `position_x`, `position_y`, `position_z`, `orientation`, `spawntimesecs`, `spawndist`, `currentwaypoint`, `curhealth`, `curmana`, `MovementType`, `npcflag`, `unit_flags`, `dynamicflags`) values('14500071','391267','1','1','3969','0','0','1498.56','-4356.98','73.832','3.57944','300','0','0','3052','0','0','0','0','0');
insert into `creature` (`guid`, `id`, `map`, `spawnMask`, `phaseMask`, `modelid`, `equipment_id`, `position_x`, `position_y`, `position_z`, `orientation`, `spawntimesecs`, `spawndist`, `currentwaypoint`, `curhealth`, `curmana`, `MovementType`, `npcflag`, `unit_flags`, `dynamicflags`) values('14500072','391267','1','1','3969','0','0','1489.99','-4342.88','114.831','4.8989','300','0','0','3052','0','0','0','0','0');
insert into `creature` (`guid`, `id`, `map`, `spawnMask`, `phaseMask`, `modelid`, `equipment_id`, `position_x`, `position_y`, `position_z`, `orientation`, `spawntimesecs`, `spawndist`, `currentwaypoint`, `curhealth`, `curmana`, `MovementType`, `npcflag`, `unit_flags`, `dynamicflags`) values('14500073','391267','1','1','3969','0','0','1473.4','-4361.18','111.381','3.6894','300','0','0','3052','0','0','0','0','0');
insert into `creature` (`guid`, `id`, `map`, `spawnMask`, `phaseMask`, `modelid`, `equipment_id`, `position_x`, `position_y`, `position_z`, `orientation`, `spawntimesecs`, `spawndist`, `currentwaypoint`, `curhealth`, `curmana`, `MovementType`, `npcflag`, `unit_flags`, `dynamicflags`) values('14500074','391267','1','1','3969','0','0','1473.1','-4379.03','78.6737','5.31124','300','0','0','3052','0','0','0','0','0');
insert into `creature` (`guid`, `id`, `map`, `spawnMask`, `phaseMask`, `modelid`, `equipment_id`, `position_x`, `position_y`, `position_z`, `orientation`, `spawntimesecs`, `spawndist`, `currentwaypoint`, `curhealth`, `curmana`, `MovementType`, `npcflag`, `unit_flags`, `dynamicflags`) values('14500075','391267','1','1','3969','0','0','1478.8','-4411.94','79.1377','4.84391','300','0','0','3052','0','0','0','0','0');
insert into `creature` (`guid`, `id`, `map`, `spawnMask`, `phaseMask`, `modelid`, `equipment_id`, `position_x`, `position_y`, `position_z`, `orientation`, `spawntimesecs`, `spawndist`, `currentwaypoint`, `curhealth`, `curmana`, `MovementType`, `npcflag`, `unit_flags`, `dynamicflags`) values('14500076','391267','1','1','3969','0','0','1485.66','-4450.36','78.594','4.67505','300','0','0','3052','0','0','0','0','0');
insert into `creature` (`guid`, `id`, `map`, `spawnMask`, `phaseMask`, `modelid`, `equipment_id`, `position_x`, `position_y`, `position_z`, `orientation`, `spawntimesecs`, `spawndist`, `currentwaypoint`, `curhealth`, `curmana`, `MovementType`, `npcflag`, `unit_flags`, `dynamicflags`) values('14500077','391267','1','1','3969','0','0','1512.02','-4463.97','69.4099','0.449599','300','0','0','3052','0','0','0','0','0');
insert into `creature` (`guid`, `id`, `map`, `spawnMask`, `phaseMask`, `modelid`, `equipment_id`, `position_x`, `position_y`, `position_z`, `orientation`, `spawntimesecs`, `spawndist`, `currentwaypoint`, `curhealth`, `curmana`, `MovementType`, `npcflag`, `unit_flags`, `dynamicflags`) values('14500078','391267','1','1','3969','0','0','1533.65','-4455.64','71.2011','0.316082','300','0','0','3052','0','0','0','0','0');
insert into `creature` (`guid`, `id`, `map`, `spawnMask`, `phaseMask`, `modelid`, `equipment_id`, `position_x`, `position_y`, `position_z`, `orientation`, `spawntimesecs`, `spawndist`, `currentwaypoint`, `curhealth`, `curmana`, `MovementType`, `npcflag`, `unit_flags`, `dynamicflags`) values('14500079','391267','1','1','3969','0','0','1510.46','-4484.13','107.345','2.14214','300','0','0','3052','0','0','0','0','0');
insert into `creature` (`guid`, `id`, `map`, `spawnMask`, `phaseMask`, `modelid`, `equipment_id`, `position_x`, `position_y`, `position_z`, `orientation`, `spawntimesecs`, `spawndist`, `currentwaypoint`, `curhealth`, `curmana`, `MovementType`, `npcflag`, `unit_flags`, `dynamicflags`) values('14500080','391267','1','1','3969','0','0','1483.39','-4474.08','107.629','3.17494','300','0','0','3052','0','0','0','0','0');
insert into `creature` (`guid`, `id`, `map`, `spawnMask`, `phaseMask`, `modelid`, `equipment_id`, `position_x`, `position_y`, `position_z`, `orientation`, `spawntimesecs`, `spawndist`, `currentwaypoint`, `curhealth`, `curmana`, `MovementType`, `npcflag`, `unit_flags`, `dynamicflags`) values('14500081','391267','1','1','3969','0','0','1526.91','-4478.16','72.2201','3.14351','300','0','0','3052','0','0','0','0','0');
insert into `creature` (`guid`, `id`, `map`, `spawnMask`, `phaseMask`, `modelid`, `equipment_id`, `position_x`, `position_y`, `position_z`, `orientation`, `spawntimesecs`, `spawndist`, `currentwaypoint`, `curhealth`, `curmana`, `MovementType`, `npcflag`, `unit_flags`, `dynamicflags`) values('14500082','391267','1','1','3969','0','0','1549.07','-4467.3','73.551','0.477087','300','0','0','3052','0','0','0','0','0');
insert into `creature` (`guid`, `id`, `map`, `spawnMask`, `phaseMask`, `modelid`, `equipment_id`, `position_x`, `position_y`, `position_z`, `orientation`, `spawntimesecs`, `spawndist`, `currentwaypoint`, `curhealth`, `curmana`, `MovementType`, `npcflag`, `unit_flags`, `dynamicflags`) values('14500083','391267','1','1','3969','0','0','1493.19','-4409.8','73.7081','6.16729','300','0','0','3052','0','0','0','0','0');
insert into `creature` (`guid`, `id`, `map`, `spawnMask`, `phaseMask`, `modelid`, `equipment_id`, `position_x`, `position_y`, `position_z`, `orientation`, `spawntimesecs`, `spawndist`, `currentwaypoint`, `curhealth`, `curmana`, `MovementType`, `npcflag`, `unit_flags`, `dynamicflags`) values('14500084','391267','1','1','3969','0','0','1526.08','-4376.3','82.2122','4.68683','300','0','0','3052','0','0','0','0','0');
insert into `creature` (`guid`, `id`, `map`, `spawnMask`, `phaseMask`, `modelid`, `equipment_id`, `position_x`, `position_y`, `position_z`, `orientation`, `spawntimesecs`, `spawndist`, `currentwaypoint`, `curhealth`, `curmana`, `MovementType`, `npcflag`, `unit_flags`, `dynamicflags`) values('14500085','391267','0','1','3969','0','0','-8988.67','661.133','159.434','0.675405','300','0','0','3052','0','0','0','0','0');
insert into `creature` (`guid`, `id`, `map`, `spawnMask`, `phaseMask`, `modelid`, `equipment_id`, `position_x`, `position_y`, `position_z`, `orientation`, `spawntimesecs`, `spawndist`, `currentwaypoint`, `curhealth`, `curmana`, `MovementType`, `npcflag`, `unit_flags`, `dynamicflags`) values('14500086','391267','0','1','3969','0','0','-8980.44','689.457','159.434','5.51346','300','0','0','3052','0','0','0','0','0');
insert into `creature` (`guid`, `id`, `map`, `spawnMask`, `phaseMask`, `modelid`, `equipment_id`, `position_x`, `position_y`, `position_z`, `orientation`, `spawntimesecs`, `spawndist`, `currentwaypoint`, `curhealth`, `curmana`, `MovementType`, `npcflag`, `unit_flags`, `dynamicflags`) values('14500087','391267','0','1','3969','0','0','-8966.13','652.785','129.279','5.39957','300','0','0','3052','0','0','0','0','0');
insert into `creature` (`guid`, `id`, `map`, `spawnMask`, `phaseMask`, `modelid`, `equipment_id`, `position_x`, `position_y`, `position_z`, `orientation`, `spawntimesecs`, `spawndist`, `currentwaypoint`, `curhealth`, `curmana`, `MovementType`, `npcflag`, `unit_flags`, `dynamicflags`) values('14500088','391267','0','1','3969','0','0','-8967.17','631.151','138.9','5.54487','300','0','0','3052','0','0','0','0','0');
insert into `creature` (`guid`, `id`, `map`, `spawnMask`, `phaseMask`, `modelid`, `equipment_id`, `position_x`, `position_y`, `position_z`, `orientation`, `spawntimesecs`, `spawndist`, `currentwaypoint`, `curhealth`, `curmana`, `MovementType`, `npcflag`, `unit_flags`, `dynamicflags`) values('14500089','391267','0','1','3969','0','0','-8921.5','613.799','145.473','0.14525','300','0','0','3052','0','0','0','0','0');
insert into `creature` (`guid`, `id`, `map`, `spawnMask`, `phaseMask`, `modelid`, `equipment_id`, `position_x`, `position_y`, `position_z`, `orientation`, `spawntimesecs`, `spawndist`, `currentwaypoint`, `curhealth`, `curmana`, `MovementType`, `npcflag`, `unit_flags`, `dynamicflags`) values('14500090','391267','0','1','3969','0','0','-8903.73','584.309','145.467','4.39035','300','0','0','3052','0','0','0','0','0');
insert into `creature` (`guid`, `id`, `map`, `spawnMask`, `phaseMask`, `modelid`, `equipment_id`, `position_x`, `position_y`, `position_z`, `orientation`, `spawntimesecs`, `spawndist`, `currentwaypoint`, `curhealth`, `curmana`, `MovementType`, `npcflag`, `unit_flags`, `dynamicflags`) values('14500091','391267','0','1','3969','0','0','-8912.8','597.833','158.546','1.82603','300','0','0','3052','0','0','0','0','0');
insert into `creature` (`guid`, `id`, `map`, `spawnMask`, `phaseMask`, `modelid`, `equipment_id`, `position_x`, `position_y`, `position_z`, `orientation`, `spawntimesecs`, `spawndist`, `currentwaypoint`, `curhealth`, `curmana`, `MovementType`, `npcflag`, `unit_flags`, `dynamicflags`) values('14500092','391267','0','1','3969','0','0','-8898.85','570.42','116.215','0.310214','300','0','0','3052','0','0','0','0','0');
insert into `creature` (`guid`, `id`, `map`, `spawnMask`, `phaseMask`, `modelid`, `equipment_id`, `position_x`, `position_y`, `position_z`, `orientation`, `spawntimesecs`, `spawndist`, `currentwaypoint`, `curhealth`, `curmana`, `MovementType`, `npcflag`, `unit_flags`, `dynamicflags`) values('14500093','391267','0','1','3969','0','0','-8868.54','553.837','145.471','6.08681','300','0','0','3052','0','0','0','0','0');
insert into `creature` (`guid`, `id`, `map`, `spawnMask`, `phaseMask`, `modelid`, `equipment_id`, `position_x`, `position_y`, `position_z`, `orientation`, `spawntimesecs`, `spawndist`, `currentwaypoint`, `curhealth`, `curmana`, `MovementType`, `npcflag`, `unit_flags`, `dynamicflags`) values('14500094','391267','0','1','3969','0','0','-8846.63','501.374','138.934','5.33446','300','0','0','3052','0','0','0','0','0');
insert into `creature` (`guid`, `id`, `map`, `spawnMask`, `phaseMask`, `modelid`, `equipment_id`, `position_x`, `position_y`, `position_z`, `orientation`, `spawntimesecs`, `spawndist`, `currentwaypoint`, `curhealth`, `curmana`, `MovementType`, `npcflag`, `unit_flags`, `dynamicflags`) values('14500095','391267','0','1','3969','0','0','-8816.06','465.552','138.939','5.18393','300','0','0','3052','0','0','0','0','0');
insert into `creature` (`guid`, `id`, `map`, `spawnMask`, `phaseMask`, `modelid`, `equipment_id`, `position_x`, `position_y`, `position_z`, `orientation`, `spawntimesecs`, `spawndist`, `currentwaypoint`, `curhealth`, `curmana`, `MovementType`, `npcflag`, `unit_flags`, `dynamicflags`) values('14500096','391267','0','1','3969','0','0','-8853.97','479.216','143.761','2.30235','300','0','0','3052','0','0','0','0','0');
insert into `creature` (`guid`, `id`, `map`, `spawnMask`, `phaseMask`, `modelid`, `equipment_id`, `position_x`, `position_y`, `position_z`, `orientation`, `spawntimesecs`, `spawndist`, `currentwaypoint`, `curhealth`, `curmana`, `MovementType`, `npcflag`, `unit_flags`, `dynamicflags`) values('14500097','391267','0','1','3969','0','0','-8859.5','533.678','162.202','1.66225','300','0','0','3052','0','0','0','0','0');
insert into `creature` (`guid`, `id`, `map`, `spawnMask`, `phaseMask`, `modelid`, `equipment_id`, `position_x`, `position_y`, `position_z`, `orientation`, `spawntimesecs`, `spawndist`, `currentwaypoint`, `curhealth`, `curmana`, `MovementType`, `npcflag`, `unit_flags`, `dynamicflags`) values('14500098','391267','0','1','3969','0','0','-8809.1','455.239','159.434','6.25678','300','0','0','3052','0','0','0','0','0');
insert into `creature` (`guid`, `id`, `map`, `spawnMask`, `phaseMask`, `modelid`, `equipment_id`, `position_x`, `position_y`, `position_z`, `orientation`, `spawntimesecs`, `spawndist`, `currentwaypoint`, `curhealth`, `curmana`, `MovementType`, `npcflag`, `unit_flags`, `dynamicflags`) values('14500099','391267','0','1','3969','0','0','-8780.17','446.009','159.434','5.43868','300','0','0','3052','0','0','0','0','0');
insert into `creature` (`guid`, `id`, `map`, `spawnMask`, `phaseMask`, `modelid`, `equipment_id`, `position_x`, `position_y`, `position_z`, `orientation`, `spawntimesecs`, `spawndist`, `currentwaypoint`, `curhealth`, `curmana`, `MovementType`, `npcflag`, `unit_flags`, `dynamicflags`) values('14500100','391267','0','1','3969','0','0','-8892.59','595.028','107.371','5.06168','300','0','0','3052','0','0','0','0','0');
insert into `creature` (`guid`, `id`, `map`, `spawnMask`, `phaseMask`, `modelid`, `equipment_id`, `position_x`, `position_y`, `position_z`, `orientation`, `spawntimesecs`, `spawndist`, `currentwaypoint`, `curhealth`, `curmana`, `MovementType`, `npcflag`, `unit_flags`, `dynamicflags`) values('14500101','391267','0','1','3969','0','0','-8893.68','582.16','93.1931','3.02357','300','0','0','3052','0','0','0','0','0');
insert into `creature` (`guid`, `id`, `map`, `spawnMask`, `phaseMask`, `modelid`, `equipment_id`, `position_x`, `position_y`, `position_z`, `orientation`, `spawntimesecs`, `spawndist`, `currentwaypoint`, `curhealth`, `curmana`, `MovementType`, `npcflag`, `unit_flags`, `dynamicflags`) values('14500102','391268','1','1','3969','0','0','1512.44','-4437.06','23.9141','3.31239','300','0','0','3052','0','0','0','0','0');
insert into `creature` (`guid`, `id`, `map`, `spawnMask`, `phaseMask`, `modelid`, `equipment_id`, `position_x`, `position_y`, `position_z`, `orientation`, `spawntimesecs`, `spawndist`, `currentwaypoint`, `curhealth`, `curmana`, `MovementType`, `npcflag`, `unit_flags`, `dynamicflags`) values('14500103','391268','1','1','3969','0','0','1507.14','-4402.01','23.6484','2.41312','300','0','0','3052','0','0','0','0','0');
insert into `creature` (`guid`, `id`, `map`, `spawnMask`, `phaseMask`, `modelid`, `equipment_id`, `position_x`, `position_y`, `position_z`, `orientation`, `spawntimesecs`, `spawndist`, `currentwaypoint`, `curhealth`, `curmana`, `MovementType`, `npcflag`, `unit_flags`, `dynamicflags`) values('14500104','391268','1','1','3969','0','0','1516.31','-4358.62','77.2579','3.32811','300','0','0','3052','0','0','0','0','0');
insert into `creature` (`guid`, `id`, `map`, `spawnMask`, `phaseMask`, `modelid`, `equipment_id`, `position_x`, `position_y`, `position_z`, `orientation`, `spawntimesecs`, `spawndist`, `currentwaypoint`, `curhealth`, `curmana`, `MovementType`, `npcflag`, `unit_flags`, `dynamicflags`) values('14500105','391268','1','1','3969','0','0','1498.56','-4356.98','73.832','3.57944','300','0','0','3052','0','0','0','0','0');
insert into `creature` (`guid`, `id`, `map`, `spawnMask`, `phaseMask`, `modelid`, `equipment_id`, `position_x`, `position_y`, `position_z`, `orientation`, `spawntimesecs`, `spawndist`, `currentwaypoint`, `curhealth`, `curmana`, `MovementType`, `npcflag`, `unit_flags`, `dynamicflags`) values('14500106','391268','1','1','3969','0','0','1489.99','-4342.88','114.831','4.8989','300','0','0','3052','0','0','0','0','0');
insert into `creature` (`guid`, `id`, `map`, `spawnMask`, `phaseMask`, `modelid`, `equipment_id`, `position_x`, `position_y`, `position_z`, `orientation`, `spawntimesecs`, `spawndist`, `currentwaypoint`, `curhealth`, `curmana`, `MovementType`, `npcflag`, `unit_flags`, `dynamicflags`) values('14500107','391268','1','1','3969','0','0','1473.4','-4361.18','111.381','3.6894','300','0','0','3052','0','0','0','0','0');
insert into `creature` (`guid`, `id`, `map`, `spawnMask`, `phaseMask`, `modelid`, `equipment_id`, `position_x`, `position_y`, `position_z`, `orientation`, `spawntimesecs`, `spawndist`, `currentwaypoint`, `curhealth`, `curmana`, `MovementType`, `npcflag`, `unit_flags`, `dynamicflags`) values('14500108','391268','1','1','3969','0','0','1473.1','-4379.03','78.6737','5.31124','300','0','0','3052','0','0','0','0','0');
insert into `creature` (`guid`, `id`, `map`, `spawnMask`, `phaseMask`, `modelid`, `equipment_id`, `position_x`, `position_y`, `position_z`, `orientation`, `spawntimesecs`, `spawndist`, `currentwaypoint`, `curhealth`, `curmana`, `MovementType`, `npcflag`, `unit_flags`, `dynamicflags`) values('14500109','391268','1','1','3969','0','0','1478.8','-4411.94','79.1377','4.84391','300','0','0','3052','0','0','0','0','0');
insert into `creature` (`guid`, `id`, `map`, `spawnMask`, `phaseMask`, `modelid`, `equipment_id`, `position_x`, `position_y`, `position_z`, `orientation`, `spawntimesecs`, `spawndist`, `currentwaypoint`, `curhealth`, `curmana`, `MovementType`, `npcflag`, `unit_flags`, `dynamicflags`) values('14500110','391268','1','1','3969','0','0','1485.66','-4450.36','78.594','4.67505','300','0','0','3052','0','0','0','0','0');
insert into `creature` (`guid`, `id`, `map`, `spawnMask`, `phaseMask`, `modelid`, `equipment_id`, `position_x`, `position_y`, `position_z`, `orientation`, `spawntimesecs`, `spawndist`, `currentwaypoint`, `curhealth`, `curmana`, `MovementType`, `npcflag`, `unit_flags`, `dynamicflags`) values('14500111','391268','1','1','3969','0','0','1512.02','-4463.97','69.4099','0.449599','300','0','0','3052','0','0','0','0','0');
insert into `creature` (`guid`, `id`, `map`, `spawnMask`, `phaseMask`, `modelid`, `equipment_id`, `position_x`, `position_y`, `position_z`, `orientation`, `spawntimesecs`, `spawndist`, `currentwaypoint`, `curhealth`, `curmana`, `MovementType`, `npcflag`, `unit_flags`, `dynamicflags`) values('14500112','391268','1','1','3969','0','0','1533.65','-4455.64','71.2011','0.316082','300','0','0','3052','0','0','0','0','0');
insert into `creature` (`guid`, `id`, `map`, `spawnMask`, `phaseMask`, `modelid`, `equipment_id`, `position_x`, `position_y`, `position_z`, `orientation`, `spawntimesecs`, `spawndist`, `currentwaypoint`, `curhealth`, `curmana`, `MovementType`, `npcflag`, `unit_flags`, `dynamicflags`) values('14500113','391268','1','1','3969','0','0','1510.46','-4484.13','107.345','2.14214','300','0','0','3052','0','0','0','0','0');
insert into `creature` (`guid`, `id`, `map`, `spawnMask`, `phaseMask`, `modelid`, `equipment_id`, `position_x`, `position_y`, `position_z`, `orientation`, `spawntimesecs`, `spawndist`, `currentwaypoint`, `curhealth`, `curmana`, `MovementType`, `npcflag`, `unit_flags`, `dynamicflags`) values('14500114','391268','1','1','3969','0','0','1483.39','-4474.08','107.629','3.17494','300','0','0','3052','0','0','0','0','0');
insert into `creature` (`guid`, `id`, `map`, `spawnMask`, `phaseMask`, `modelid`, `equipment_id`, `position_x`, `position_y`, `position_z`, `orientation`, `spawntimesecs`, `spawndist`, `currentwaypoint`, `curhealth`, `curmana`, `MovementType`, `npcflag`, `unit_flags`, `dynamicflags`) values('14500115','391268','1','1','3969','0','0','1526.91','-4478.16','72.2201','3.14351','300','0','0','3052','0','0','0','0','0');
insert into `creature` (`guid`, `id`, `map`, `spawnMask`, `phaseMask`, `modelid`, `equipment_id`, `position_x`, `position_y`, `position_z`, `orientation`, `spawntimesecs`, `spawndist`, `currentwaypoint`, `curhealth`, `curmana`, `MovementType`, `npcflag`, `unit_flags`, `dynamicflags`) values('14500116','391268','1','1','3969','0','0','1549.07','-4467.3','73.551','0.477087','300','0','0','3052','0','0','0','0','0');
insert into `creature` (`guid`, `id`, `map`, `spawnMask`, `phaseMask`, `modelid`, `equipment_id`, `position_x`, `position_y`, `position_z`, `orientation`, `spawntimesecs`, `spawndist`, `currentwaypoint`, `curhealth`, `curmana`, `MovementType`, `npcflag`, `unit_flags`, `dynamicflags`) values('14500117','391268','1','1','3969','0','0','1493.19','-4409.8','73.7081','6.16729','300','0','0','3052','0','0','0','0','0');
insert into `creature` (`guid`, `id`, `map`, `spawnMask`, `phaseMask`, `modelid`, `equipment_id`, `position_x`, `position_y`, `position_z`, `orientation`, `spawntimesecs`, `spawndist`, `currentwaypoint`, `curhealth`, `curmana`, `MovementType`, `npcflag`, `unit_flags`, `dynamicflags`) values('14500118','391268','1','1','3969','0','0','1526.08','-4376.3','82.2122','4.68683','300','0','0','3052','0','0','0','0','0');
insert into `creature` (`guid`, `id`, `map`, `spawnMask`, `phaseMask`, `modelid`, `equipment_id`, `position_x`, `position_y`, `position_z`, `orientation`, `spawntimesecs`, `spawndist`, `currentwaypoint`, `curhealth`, `curmana`, `MovementType`, `npcflag`, `unit_flags`, `dynamicflags`) values('14500119','391268','0','1','3969','0','0','-8988.67','661.133','159.434','0.675405','300','0','0','3052','0','0','0','0','0');
insert into `creature` (`guid`, `id`, `map`, `spawnMask`, `phaseMask`, `modelid`, `equipment_id`, `position_x`, `position_y`, `position_z`, `orientation`, `spawntimesecs`, `spawndist`, `currentwaypoint`, `curhealth`, `curmana`, `MovementType`, `npcflag`, `unit_flags`, `dynamicflags`) values('14500120','391268','0','1','3969','0','0','-8980.44','689.457','159.434','5.51346','300','0','0','3052','0','0','0','0','0');
insert into `creature` (`guid`, `id`, `map`, `spawnMask`, `phaseMask`, `modelid`, `equipment_id`, `position_x`, `position_y`, `position_z`, `orientation`, `spawntimesecs`, `spawndist`, `currentwaypoint`, `curhealth`, `curmana`, `MovementType`, `npcflag`, `unit_flags`, `dynamicflags`) values('14500121','391268','0','1','3969','0','0','-8966.13','652.785','129.279','5.39957','300','0','0','3052','0','0','0','0','0');
insert into `creature` (`guid`, `id`, `map`, `spawnMask`, `phaseMask`, `modelid`, `equipment_id`, `position_x`, `position_y`, `position_z`, `orientation`, `spawntimesecs`, `spawndist`, `currentwaypoint`, `curhealth`, `curmana`, `MovementType`, `npcflag`, `unit_flags`, `dynamicflags`) values('14500122','391268','0','1','3969','0','0','-8967.17','631.151','138.9','5.54487','300','0','0','3052','0','0','0','0','0');
insert into `creature` (`guid`, `id`, `map`, `spawnMask`, `phaseMask`, `modelid`, `equipment_id`, `position_x`, `position_y`, `position_z`, `orientation`, `spawntimesecs`, `spawndist`, `currentwaypoint`, `curhealth`, `curmana`, `MovementType`, `npcflag`, `unit_flags`, `dynamicflags`) values('14500123','391268','0','1','3969','0','0','-8921.5','613.799','145.473','0.14525','300','0','0','3052','0','0','0','0','0');
insert into `creature` (`guid`, `id`, `map`, `spawnMask`, `phaseMask`, `modelid`, `equipment_id`, `position_x`, `position_y`, `position_z`, `orientation`, `spawntimesecs`, `spawndist`, `currentwaypoint`, `curhealth`, `curmana`, `MovementType`, `npcflag`, `unit_flags`, `dynamicflags`) values('14500124','391268','0','1','3969','0','0','-8903.73','584.309','145.467','4.39035','300','0','0','3052','0','0','0','0','0');
insert into `creature` (`guid`, `id`, `map`, `spawnMask`, `phaseMask`, `modelid`, `equipment_id`, `position_x`, `position_y`, `position_z`, `orientation`, `spawntimesecs`, `spawndist`, `currentwaypoint`, `curhealth`, `curmana`, `MovementType`, `npcflag`, `unit_flags`, `dynamicflags`) values('14500125','391268','0','1','3969','0','0','-8912.8','597.833','158.546','1.82603','300','0','0','3052','0','0','0','0','0');
insert into `creature` (`guid`, `id`, `map`, `spawnMask`, `phaseMask`, `modelid`, `equipment_id`, `position_x`, `position_y`, `position_z`, `orientation`, `spawntimesecs`, `spawndist`, `currentwaypoint`, `curhealth`, `curmana`, `MovementType`, `npcflag`, `unit_flags`, `dynamicflags`) values('14500126','391268','0','1','3969','0','0','-8898.85','570.42','116.215','0.310214','300','0','0','3052','0','0','0','0','0');
insert into `creature` (`guid`, `id`, `map`, `spawnMask`, `phaseMask`, `modelid`, `equipment_id`, `position_x`, `position_y`, `position_z`, `orientation`, `spawntimesecs`, `spawndist`, `currentwaypoint`, `curhealth`, `curmana`, `MovementType`, `npcflag`, `unit_flags`, `dynamicflags`) values('14500127','391268','0','1','3969','0','0','-8868.54','553.837','145.471','6.08681','300','0','0','3052','0','0','0','0','0');
insert into `creature` (`guid`, `id`, `map`, `spawnMask`, `phaseMask`, `modelid`, `equipment_id`, `position_x`, `position_y`, `position_z`, `orientation`, `spawntimesecs`, `spawndist`, `currentwaypoint`, `curhealth`, `curmana`, `MovementType`, `npcflag`, `unit_flags`, `dynamicflags`) values('14500128','391268','0','1','3969','0','0','-8846.63','501.374','138.934','5.33446','300','0','0','3052','0','0','0','0','0');
insert into `creature` (`guid`, `id`, `map`, `spawnMask`, `phaseMask`, `modelid`, `equipment_id`, `position_x`, `position_y`, `position_z`, `orientation`, `spawntimesecs`, `spawndist`, `currentwaypoint`, `curhealth`, `curmana`, `MovementType`, `npcflag`, `unit_flags`, `dynamicflags`) values('14500129','391268','0','1','3969','0','0','-8816.06','465.552','138.939','5.18393','300','0','0','3052','0','0','0','0','0');
insert into `creature` (`guid`, `id`, `map`, `spawnMask`, `phaseMask`, `modelid`, `equipment_id`, `position_x`, `position_y`, `position_z`, `orientation`, `spawntimesecs`, `spawndist`, `currentwaypoint`, `curhealth`, `curmana`, `MovementType`, `npcflag`, `unit_flags`, `dynamicflags`) values('14500130','391268','0','1','3969','0','0','-8853.97','479.216','143.761','2.30235','300','0','0','3052','0','0','0','0','0');
insert into `creature` (`guid`, `id`, `map`, `spawnMask`, `phaseMask`, `modelid`, `equipment_id`, `position_x`, `position_y`, `position_z`, `orientation`, `spawntimesecs`, `spawndist`, `currentwaypoint`, `curhealth`, `curmana`, `MovementType`, `npcflag`, `unit_flags`, `dynamicflags`) values('14500131','391268','0','1','3969','0','0','-8859.5','533.678','162.202','1.66225','300','0','0','3052','0','0','0','0','0');
insert into `creature` (`guid`, `id`, `map`, `spawnMask`, `phaseMask`, `modelid`, `equipment_id`, `position_x`, `position_y`, `position_z`, `orientation`, `spawntimesecs`, `spawndist`, `currentwaypoint`, `curhealth`, `curmana`, `MovementType`, `npcflag`, `unit_flags`, `dynamicflags`) values('14500132','391268','0','1','3969','0','0','-8809.1','455.239','159.434','6.25678','300','0','0','3052','0','0','0','0','0');
insert into `creature` (`guid`, `id`, `map`, `spawnMask`, `phaseMask`, `modelid`, `equipment_id`, `position_x`, `position_y`, `position_z`, `orientation`, `spawntimesecs`, `spawndist`, `currentwaypoint`, `curhealth`, `curmana`, `MovementType`, `npcflag`, `unit_flags`, `dynamicflags`) values('14500133','391268','0','1','3969','0','0','-8780.17','446.009','159.434','5.43868','300','0','0','3052','0','0','0','0','0');
insert into `creature` (`guid`, `id`, `map`, `spawnMask`, `phaseMask`, `modelid`, `equipment_id`, `position_x`, `position_y`, `position_z`, `orientation`, `spawntimesecs`, `spawndist`, `currentwaypoint`, `curhealth`, `curmana`, `MovementType`, `npcflag`, `unit_flags`, `dynamicflags`) values('14500134','391268','0','1','3969','0','0','-8892.59','595.028','107.371','5.06168','300','0','0','3052','0','0','0','0','0');
insert into `creature` (`guid`, `id`, `map`, `spawnMask`, `phaseMask`, `modelid`, `equipment_id`, `position_x`, `position_y`, `position_z`, `orientation`, `spawntimesecs`, `spawndist`, `currentwaypoint`, `curhealth`, `curmana`, `MovementType`, `npcflag`, `unit_flags`, `dynamicflags`) values('14500135','391268','0','1','3969','0','0','-8893.68','582.16','93.1931','3.02357','300','0','0','3052','0','0','0','0','0');
insert into `creature` (`guid`, `id`, `map`, `spawnMask`, `phaseMask`, `modelid`, `equipment_id`, `position_x`, `position_y`, `position_z`, `orientation`, `spawntimesecs`, `spawndist`, `currentwaypoint`, `curhealth`, `curmana`, `MovementType`, `npcflag`, `unit_flags`, `dynamicflags`) values('14500136','391269','1','1','3969','0','0','1504.58','-4432.29','24.9462','2.35027','300','0','0','3052','0','0','0','0','0');
insert into `creature` (`guid`, `id`, `map`, `spawnMask`, `phaseMask`, `modelid`, `equipment_id`, `position_x`, `position_y`, `position_z`, `orientation`, `spawntimesecs`, `spawndist`, `currentwaypoint`, `curhealth`, `curmana`, `MovementType`, `npcflag`, `unit_flags`, `dynamicflags`) values('14500137','391269','1','1','3969','0','0','1495.65','-4400.21','24.3474','3.90537','300','0','0','3052','0','0','0','0','0');
insert into `creature` (`guid`, `id`, `map`, `spawnMask`, `phaseMask`, `modelid`, `equipment_id`, `position_x`, `position_y`, `position_z`, `orientation`, `spawntimesecs`, `spawndist`, `currentwaypoint`, `curhealth`, `curmana`, `MovementType`, `npcflag`, `unit_flags`, `dynamicflags`) values('14500138','391269','1','1','3969','0','0','1508.36','-4359.23','74.4688','3.24564','300','0','0','3052','0','0','0','0','0');
insert into `creature` (`guid`, `id`, `map`, `spawnMask`, `phaseMask`, `modelid`, `equipment_id`, `position_x`, `position_y`, `position_z`, `orientation`, `spawntimesecs`, `spawndist`, `currentwaypoint`, `curhealth`, `curmana`, `MovementType`, `npcflag`, `unit_flags`, `dynamicflags`) values('14500139','391269','1','1','3969','0','0','1483.95','-4357.85','109.688','1.03868','300','0','0','3052','0','0','0','0','0');
insert into `creature` (`guid`, `id`, `map`, `spawnMask`, `phaseMask`, `modelid`, `equipment_id`, `position_x`, `position_y`, `position_z`, `orientation`, `spawntimesecs`, `spawndist`, `currentwaypoint`, `curhealth`, `curmana`, `MovementType`, `npcflag`, `unit_flags`, `dynamicflags`) values('14500140','391269','1','1','3969','0','0','1460.17','-4359.2','110.86','1.17612','300','0','0','3052','0','0','0','0','0');
insert into `creature` (`guid`, `id`, `map`, `spawnMask`, `phaseMask`, `modelid`, `equipment_id`, `position_x`, `position_y`, `position_z`, `orientation`, `spawntimesecs`, `spawndist`, `currentwaypoint`, `curhealth`, `curmana`, `MovementType`, `npcflag`, `unit_flags`, `dynamicflags`) values('14500141','391269','1','1','3969','0','0','1472.33','-4392.66','78.2528','5.14629','300','0','0','3052','0','0','0','0','0');
insert into `creature` (`guid`, `id`, `map`, `spawnMask`, `phaseMask`, `modelid`, `equipment_id`, `position_x`, `position_y`, `position_z`, `orientation`, `spawntimesecs`, `spawndist`, `currentwaypoint`, `curhealth`, `curmana`, `MovementType`, `npcflag`, `unit_flags`, `dynamicflags`) values('14500142','391269','1','1','3969','0','0','1483.57','-4427.1','78.9931','4.96957','300','0','0','3052','0','0','0','0','0');
insert into `creature` (`guid`, `id`, `map`, `spawnMask`, `phaseMask`, `modelid`, `equipment_id`, `position_x`, `position_y`, `position_z`, `orientation`, `spawntimesecs`, `spawndist`, `currentwaypoint`, `curhealth`, `curmana`, `MovementType`, `npcflag`, `unit_flags`, `dynamicflags`) values('14500143','391269','1','1','3969','0','0','1488.77','-4470.27','78.5584','4.79678','300','0','0','3052','0','0','0','0','0');
insert into `creature` (`guid`, `id`, `map`, `spawnMask`, `phaseMask`, `modelid`, `equipment_id`, `position_x`, `position_y`, `position_z`, `orientation`, `spawntimesecs`, `spawndist`, `currentwaypoint`, `curhealth`, `curmana`, `MovementType`, `npcflag`, `unit_flags`, `dynamicflags`) values('14500144','391269','1','1','3969','0','0','1527.16','-4458.05','70.197','0.363206','300','0','0','3052','0','0','0','0','0');
insert into `creature` (`guid`, `id`, `map`, `spawnMask`, `phaseMask`, `modelid`, `equipment_id`, `position_x`, `position_y`, `position_z`, `orientation`, `spawntimesecs`, `spawndist`, `currentwaypoint`, `curhealth`, `curmana`, `MovementType`, `npcflag`, `unit_flags`, `dynamicflags`) values('14500145','391269','1','1','3969','0','0','1542.32','-4452.55','72.1111','0.414256','300','0','0','3052','0','0','0','0','0');
insert into `creature` (`guid`, `id`, `map`, `spawnMask`, `phaseMask`, `modelid`, `equipment_id`, `position_x`, `position_y`, `position_z`, `orientation`, `spawntimesecs`, `spawndist`, `currentwaypoint`, `curhealth`, `curmana`, `MovementType`, `npcflag`, `unit_flags`, `dynamicflags`) values('14500146','391269','1','1','3969','0','0','1495.95','-4474.92','107.682','2.24031','300','0','0','3052','0','0','0','0','0');
insert into `creature` (`guid`, `id`, `map`, `spawnMask`, `phaseMask`, `modelid`, `equipment_id`, `position_x`, `position_y`, `position_z`, `orientation`, `spawntimesecs`, `spawndist`, `currentwaypoint`, `curhealth`, `curmana`, `MovementType`, `npcflag`, `unit_flags`, `dynamicflags`) values('14500147','391269','1','1','3969','0','0','1537.14','-4474.17','72.9647','0.75983','300','0','0','3052','0','0','0','0','0');
insert into `creature` (`guid`, `id`, `map`, `spawnMask`, `phaseMask`, `modelid`, `equipment_id`, `position_x`, `position_y`, `position_z`, `orientation`, `spawntimesecs`, `spawndist`, `currentwaypoint`, `curhealth`, `curmana`, `MovementType`, `npcflag`, `unit_flags`, `dynamicflags`) values('14500148','391269','1','1','3969','0','0','1496.23','-4426.56','71.3261','0.0843792','300','0','0','3052','0','0','0','0','0');
insert into `creature` (`guid`, `id`, `map`, `spawnMask`, `phaseMask`, `modelid`, `equipment_id`, `position_x`, `position_y`, `position_z`, `orientation`, `spawntimesecs`, `spawndist`, `currentwaypoint`, `curhealth`, `curmana`, `MovementType`, `npcflag`, `unit_flags`, `dynamicflags`) values('14500149','391269','1','1','3969','0','0','1489.93','-4382.4','71.1749','0.261092','300','0','0','3052','0','0','0','0','0');
insert into `creature` (`guid`, `id`, `map`, `spawnMask`, `phaseMask`, `modelid`, `equipment_id`, `position_x`, `position_y`, `position_z`, `orientation`, `spawntimesecs`, `spawndist`, `currentwaypoint`, `curhealth`, `curmana`, `MovementType`, `npcflag`, `unit_flags`, `dynamicflags`) values('14500150','391269','0','1','3969','0','0','-8977.71','673.604','159.434','1.03669','300','0','0','3052','0','0','0','0','0');
insert into `creature` (`guid`, `id`, `map`, `spawnMask`, `phaseMask`, `modelid`, `equipment_id`, `position_x`, `position_y`, `position_z`, `orientation`, `spawntimesecs`, `spawndist`, `currentwaypoint`, `curhealth`, `curmana`, `MovementType`, `npcflag`, `unit_flags`, `dynamicflags`) values('14500151','391269','0','1','3969','0','0','-8949.79','631.67','129.266','5.37602','300','0','0','3052','0','0','0','0','0');
insert into `creature` (`guid`, `id`, `map`, `spawnMask`, `phaseMask`, `modelid`, `equipment_id`, `position_x`, `position_y`, `position_z`, `orientation`, `spawntimesecs`, `spawndist`, `currentwaypoint`, `curhealth`, `curmana`, `MovementType`, `npcflag`, `unit_flags`, `dynamicflags`) values('14500152','391269','0','1','3969','0','0','-8978.94','645.814','138.9','2.85096','300','0','0','3052','0','0','0','0','0');
insert into `creature` (`guid`, `id`, `map`, `spawnMask`, `phaseMask`, `modelid`, `equipment_id`, `position_x`, `position_y`, `position_z`, `orientation`, `spawntimesecs`, `spawndist`, `currentwaypoint`, `curhealth`, `curmana`, `MovementType`, `npcflag`, `unit_flags`, `dynamicflags`) values('14500153','391269','0','1','3969','0','0','-8955.57','615.378','138.9','5.3603','300','0','0','3052','0','0','0','0','0');
insert into `creature` (`guid`, `id`, `map`, `spawnMask`, `phaseMask`, `modelid`, `equipment_id`, `position_x`, `position_y`, `position_z`, `orientation`, `spawntimesecs`, `spawndist`, `currentwaypoint`, `curhealth`, `curmana`, `MovementType`, `npcflag`, `unit_flags`, `dynamicflags`) values('14500154','391269','0','1','3969','0','0','-8910.32','609.325','145.472','5.80798','300','0','0','3052','0','0','0','0','0');
insert into `creature` (`guid`, `id`, `map`, `spawnMask`, `phaseMask`, `modelid`, `equipment_id`, `position_x`, `position_y`, `position_z`, `orientation`, `spawntimesecs`, `spawndist`, `currentwaypoint`, `curhealth`, `curmana`, `MovementType`, `npcflag`, `unit_flags`, `dynamicflags`) values('14500155','391269','0','1','3969','0','0','-8908.48','580.994','162.261','3.67957','300','0','0','3052','0','0','0','0','0');
insert into `creature` (`guid`, `id`, `map`, `spawnMask`, `phaseMask`, `modelid`, `equipment_id`, `position_x`, `position_y`, `position_z`, `orientation`, `spawntimesecs`, `spawndist`, `currentwaypoint`, `curhealth`, `curmana`, `MovementType`, `npcflag`, `unit_flags`, `dynamicflags`) values('14500156','391269','0','1','3969','0','0','-8916.81','607.668','162.201','1.89671','300','0','0','3052','0','0','0','0','0');
insert into `creature` (`guid`, `id`, `map`, `spawnMask`, `phaseMask`, `modelid`, `equipment_id`, `position_x`, `position_y`, `position_z`, `orientation`, `spawntimesecs`, `spawndist`, `currentwaypoint`, `curhealth`, `curmana`, `MovementType`, `npcflag`, `unit_flags`, `dynamicflags`) values('14500157','391269','0','1','3969','0','0','-8887.05','555.576','115.853','5.41531','300','0','0','3052','0','0','0','0','0');
insert into `creature` (`guid`, `id`, `map`, `spawnMask`, `phaseMask`, `modelid`, `equipment_id`, `position_x`, `position_y`, `position_z`, `orientation`, `spawntimesecs`, `spawndist`, `currentwaypoint`, `curhealth`, `curmana`, `MovementType`, `npcflag`, `unit_flags`, `dynamicflags`) values('14500158','391269','0','1','3969','0','0','-8883.09','553.891','145.463','0.0510268','300','0','0','3052','0','0','0','0','0');
insert into `creature` (`guid`, `id`, `map`, `spawnMask`, `phaseMask`, `modelid`, `equipment_id`, `position_x`, `position_y`, `position_z`, `orientation`, `spawntimesecs`, `spawndist`, `currentwaypoint`, `curhealth`, `curmana`, `MovementType`, `npcflag`, `unit_flags`, `dynamicflags`) values('14500159','391269','0','1','3969','0','0','-8860.9','538.57','142.578','5.11292','300','0','0','3052','0','0','0','0','0');
insert into `creature` (`guid`, `id`, `map`, `spawnMask`, `phaseMask`, `modelid`, `equipment_id`, `position_x`, `position_y`, `position_z`, `orientation`, `spawntimesecs`, `spawndist`, `currentwaypoint`, `curhealth`, `curmana`, `MovementType`, `npcflag`, `unit_flags`, `dynamicflags`) values('14500160','391269','0','1','3969','0','0','-8831.28','483.234','138.933','5.46405','300','0','0','3052','0','0','0','0','0');
insert into `creature` (`guid`, `id`, `map`, `spawnMask`, `phaseMask`, `modelid`, `equipment_id`, `position_x`, `position_y`, `position_z`, `orientation`, `spawntimesecs`, `spawndist`, `currentwaypoint`, `curhealth`, `curmana`, `MovementType`, `npcflag`, `unit_flags`, `dynamicflags`) values('14500161','391269','0','1','3969','0','0','-8835.48','461.243','143.455','5.34577','300','0','0','3052','0','0','0','0','0');
insert into `creature` (`guid`, `id`, `map`, `spawnMask`, `phaseMask`, `modelid`, `equipment_id`, `position_x`, `position_y`, `position_z`, `orientation`, `spawntimesecs`, `spawndist`, `currentwaypoint`, `curhealth`, `curmana`, `MovementType`, `npcflag`, `unit_flags`, `dynamicflags`) values('14500162','391269','0','1','3969','0','0','-8879.99','552.879','162.26','2.84428','300','0','0','3052','0','0','0','0','0');
insert into `creature` (`guid`, `id`, `map`, `spawnMask`, `phaseMask`, `modelid`, `equipment_id`, `position_x`, `position_y`, `position_z`, `orientation`, `spawntimesecs`, `spawndist`, `currentwaypoint`, `curhealth`, `curmana`, `MovementType`, `npcflag`, `unit_flags`, `dynamicflags`) values('14500163','391269','0','1','3969','0','0','-8789.25','456.746','159.433','4.23703','300','0','0','3052','0','0','0','0','0');
insert into `creature` (`guid`, `id`, `map`, `spawnMask`, `phaseMask`, `modelid`, `equipment_id`, `position_x`, `position_y`, `position_z`, `orientation`, `spawntimesecs`, `spawndist`, `currentwaypoint`, `curhealth`, `curmana`, `MovementType`, `npcflag`, `unit_flags`, `dynamicflags`) values('14500164','391269','0','1','3969','0','0','-8876.37','557.99','99.8653','4.31555','300','0','0','3052','0','0','0','0','0');
insert into `creature` (`guid`, `id`, `map`, `spawnMask`, `phaseMask`, `modelid`, `equipment_id`, `position_x`, `position_y`, `position_z`, `orientation`, `spawntimesecs`, `spawndist`, `currentwaypoint`, `curhealth`, `curmana`, `MovementType`, `npcflag`, `unit_flags`, `dynamicflags`) values('14500165','391269','0','1','3969','0','0','-8879.79','566.91','93.5635','4.30377','300','0','0','3052','0','0','0','0','0');
insert into `creature` (`guid`, `id`, `map`, `spawnMask`, `phaseMask`, `modelid`, `equipment_id`, `position_x`, `position_y`, `position_z`, `orientation`, `spawntimesecs`, `spawndist`, `currentwaypoint`, `curhealth`, `curmana`, `MovementType`, `npcflag`, `unit_flags`, `dynamicflags`) values('14500166','391270','1','1','3969','0','0','1504.58','-4432.29','24.9462','2.35027','300','0','0','3052','0','0','0','0','0');
insert into `creature` (`guid`, `id`, `map`, `spawnMask`, `phaseMask`, `modelid`, `equipment_id`, `position_x`, `position_y`, `position_z`, `orientation`, `spawntimesecs`, `spawndist`, `currentwaypoint`, `curhealth`, `curmana`, `MovementType`, `npcflag`, `unit_flags`, `dynamicflags`) values('14500167','391270','1','1','3969','0','0','1495.65','-4400.21','24.3474','3.90537','300','0','0','3052','0','0','0','0','0');
insert into `creature` (`guid`, `id`, `map`, `spawnMask`, `phaseMask`, `modelid`, `equipment_id`, `position_x`, `position_y`, `position_z`, `orientation`, `spawntimesecs`, `spawndist`, `currentwaypoint`, `curhealth`, `curmana`, `MovementType`, `npcflag`, `unit_flags`, `dynamicflags`) values('14500168','391270','1','1','3969','0','0','1508.36','-4359.23','74.4688','3.24564','300','0','0','3052','0','0','0','0','0');
insert into `creature` (`guid`, `id`, `map`, `spawnMask`, `phaseMask`, `modelid`, `equipment_id`, `position_x`, `position_y`, `position_z`, `orientation`, `spawntimesecs`, `spawndist`, `currentwaypoint`, `curhealth`, `curmana`, `MovementType`, `npcflag`, `unit_flags`, `dynamicflags`) values('14500169','391270','1','1','3969','0','0','1483.95','-4357.85','109.688','1.03868','300','0','0','3052','0','0','0','0','0');
insert into `creature` (`guid`, `id`, `map`, `spawnMask`, `phaseMask`, `modelid`, `equipment_id`, `position_x`, `position_y`, `position_z`, `orientation`, `spawntimesecs`, `spawndist`, `currentwaypoint`, `curhealth`, `curmana`, `MovementType`, `npcflag`, `unit_flags`, `dynamicflags`) values('14500170','391270','1','1','3969','0','0','1460.17','-4359.2','110.86','1.17612','300','0','0','3052','0','0','0','0','0');
insert into `creature` (`guid`, `id`, `map`, `spawnMask`, `phaseMask`, `modelid`, `equipment_id`, `position_x`, `position_y`, `position_z`, `orientation`, `spawntimesecs`, `spawndist`, `currentwaypoint`, `curhealth`, `curmana`, `MovementType`, `npcflag`, `unit_flags`, `dynamicflags`) values('14500171','391270','1','1','3969','0','0','1472.33','-4392.66','78.2528','5.14629','300','0','0','3052','0','0','0','0','0');
insert into `creature` (`guid`, `id`, `map`, `spawnMask`, `phaseMask`, `modelid`, `equipment_id`, `position_x`, `position_y`, `position_z`, `orientation`, `spawntimesecs`, `spawndist`, `currentwaypoint`, `curhealth`, `curmana`, `MovementType`, `npcflag`, `unit_flags`, `dynamicflags`) values('14500172','391270','1','1','3969','0','0','1483.57','-4427.1','78.9931','4.96957','300','0','0','3052','0','0','0','0','0');
insert into `creature` (`guid`, `id`, `map`, `spawnMask`, `phaseMask`, `modelid`, `equipment_id`, `position_x`, `position_y`, `position_z`, `orientation`, `spawntimesecs`, `spawndist`, `currentwaypoint`, `curhealth`, `curmana`, `MovementType`, `npcflag`, `unit_flags`, `dynamicflags`) values('14500173','391270','1','1','3969','0','0','1488.77','-4470.27','78.5584','4.79678','300','0','0','3052','0','0','0','0','0');
insert into `creature` (`guid`, `id`, `map`, `spawnMask`, `phaseMask`, `modelid`, `equipment_id`, `position_x`, `position_y`, `position_z`, `orientation`, `spawntimesecs`, `spawndist`, `currentwaypoint`, `curhealth`, `curmana`, `MovementType`, `npcflag`, `unit_flags`, `dynamicflags`) values('14500174','391270','1','1','3969','0','0','1527.16','-4458.05','70.197','0.363206','300','0','0','3052','0','0','0','0','0');
insert into `creature` (`guid`, `id`, `map`, `spawnMask`, `phaseMask`, `modelid`, `equipment_id`, `position_x`, `position_y`, `position_z`, `orientation`, `spawntimesecs`, `spawndist`, `currentwaypoint`, `curhealth`, `curmana`, `MovementType`, `npcflag`, `unit_flags`, `dynamicflags`) values('14500175','391270','1','1','3969','0','0','1542.32','-4452.55','72.1111','0.414256','300','0','0','3052','0','0','0','0','0');
insert into `creature` (`guid`, `id`, `map`, `spawnMask`, `phaseMask`, `modelid`, `equipment_id`, `position_x`, `position_y`, `position_z`, `orientation`, `spawntimesecs`, `spawndist`, `currentwaypoint`, `curhealth`, `curmana`, `MovementType`, `npcflag`, `unit_flags`, `dynamicflags`) values('14500176','391270','1','1','3969','0','0','1495.95','-4474.92','107.682','2.24031','300','0','0','3052','0','0','0','0','0');
insert into `creature` (`guid`, `id`, `map`, `spawnMask`, `phaseMask`, `modelid`, `equipment_id`, `position_x`, `position_y`, `position_z`, `orientation`, `spawntimesecs`, `spawndist`, `currentwaypoint`, `curhealth`, `curmana`, `MovementType`, `npcflag`, `unit_flags`, `dynamicflags`) values('14500177','391270','1','1','3969','0','0','1537.14','-4474.17','72.9647','0.75983','300','0','0','3052','0','0','0','0','0');
insert into `creature` (`guid`, `id`, `map`, `spawnMask`, `phaseMask`, `modelid`, `equipment_id`, `position_x`, `position_y`, `position_z`, `orientation`, `spawntimesecs`, `spawndist`, `currentwaypoint`, `curhealth`, `curmana`, `MovementType`, `npcflag`, `unit_flags`, `dynamicflags`) values('14500178','391270','1','1','3969','0','0','1496.23','-4426.56','71.3261','0.0843792','300','0','0','3052','0','0','0','0','0');
insert into `creature` (`guid`, `id`, `map`, `spawnMask`, `phaseMask`, `modelid`, `equipment_id`, `position_x`, `position_y`, `position_z`, `orientation`, `spawntimesecs`, `spawndist`, `currentwaypoint`, `curhealth`, `curmana`, `MovementType`, `npcflag`, `unit_flags`, `dynamicflags`) values('14500179','391270','1','1','3969','0','0','1489.93','-4382.4','71.1749','0.261092','300','0','0','3052','0','0','0','0','0');
insert into `creature` (`guid`, `id`, `map`, `spawnMask`, `phaseMask`, `modelid`, `equipment_id`, `position_x`, `position_y`, `position_z`, `orientation`, `spawntimesecs`, `spawndist`, `currentwaypoint`, `curhealth`, `curmana`, `MovementType`, `npcflag`, `unit_flags`, `dynamicflags`) values('14500180','391270','0','1','3969','0','0','-8977.71','673.604','159.434','1.03669','300','0','0','3052','0','0','0','0','0');
insert into `creature` (`guid`, `id`, `map`, `spawnMask`, `phaseMask`, `modelid`, `equipment_id`, `position_x`, `position_y`, `position_z`, `orientation`, `spawntimesecs`, `spawndist`, `currentwaypoint`, `curhealth`, `curmana`, `MovementType`, `npcflag`, `unit_flags`, `dynamicflags`) values('14500181','391270','0','1','3969','0','0','-8949.79','631.67','129.266','5.37602','300','0','0','3052','0','0','0','0','0');
insert into `creature` (`guid`, `id`, `map`, `spawnMask`, `phaseMask`, `modelid`, `equipment_id`, `position_x`, `position_y`, `position_z`, `orientation`, `spawntimesecs`, `spawndist`, `currentwaypoint`, `curhealth`, `curmana`, `MovementType`, `npcflag`, `unit_flags`, `dynamicflags`) values('14500182','391270','0','1','3969','0','0','-8978.94','645.814','138.9','2.85096','300','0','0','3052','0','0','0','0','0');
insert into `creature` (`guid`, `id`, `map`, `spawnMask`, `phaseMask`, `modelid`, `equipment_id`, `position_x`, `position_y`, `position_z`, `orientation`, `spawntimesecs`, `spawndist`, `currentwaypoint`, `curhealth`, `curmana`, `MovementType`, `npcflag`, `unit_flags`, `dynamicflags`) values('14500183','391270','0','1','3969','0','0','-8955.57','615.378','138.9','5.3603','300','0','0','3052','0','0','0','0','0');
insert into `creature` (`guid`, `id`, `map`, `spawnMask`, `phaseMask`, `modelid`, `equipment_id`, `position_x`, `position_y`, `position_z`, `orientation`, `spawntimesecs`, `spawndist`, `currentwaypoint`, `curhealth`, `curmana`, `MovementType`, `npcflag`, `unit_flags`, `dynamicflags`) values('14500184','391270','0','1','3969','0','0','-8910.32','609.325','145.472','5.80798','300','0','0','3052','0','0','0','0','0');
insert into `creature` (`guid`, `id`, `map`, `spawnMask`, `phaseMask`, `modelid`, `equipment_id`, `position_x`, `position_y`, `position_z`, `orientation`, `spawntimesecs`, `spawndist`, `currentwaypoint`, `curhealth`, `curmana`, `MovementType`, `npcflag`, `unit_flags`, `dynamicflags`) values('14500185','391270','0','1','3969','0','0','-8908.48','580.994','162.261','3.67957','300','0','0','3052','0','0','0','0','0');
insert into `creature` (`guid`, `id`, `map`, `spawnMask`, `phaseMask`, `modelid`, `equipment_id`, `position_x`, `position_y`, `position_z`, `orientation`, `spawntimesecs`, `spawndist`, `currentwaypoint`, `curhealth`, `curmana`, `MovementType`, `npcflag`, `unit_flags`, `dynamicflags`) values('14500186','391270','0','1','3969','0','0','-8916.81','607.668','162.201','1.89671','300','0','0','3052','0','0','0','0','0');
insert into `creature` (`guid`, `id`, `map`, `spawnMask`, `phaseMask`, `modelid`, `equipment_id`, `position_x`, `position_y`, `position_z`, `orientation`, `spawntimesecs`, `spawndist`, `currentwaypoint`, `curhealth`, `curmana`, `MovementType`, `npcflag`, `unit_flags`, `dynamicflags`) values('14500187','391270','0','1','3969','0','0','-8887.05','555.576','115.853','5.41531','300','0','0','3052','0','0','0','0','0');
insert into `creature` (`guid`, `id`, `map`, `spawnMask`, `phaseMask`, `modelid`, `equipment_id`, `position_x`, `position_y`, `position_z`, `orientation`, `spawntimesecs`, `spawndist`, `currentwaypoint`, `curhealth`, `curmana`, `MovementType`, `npcflag`, `unit_flags`, `dynamicflags`) values('14500188','391270','0','1','3969','0','0','-8883.09','553.891','145.463','0.0510268','300','0','0','3052','0','0','0','0','0');
insert into `creature` (`guid`, `id`, `map`, `spawnMask`, `phaseMask`, `modelid`, `equipment_id`, `position_x`, `position_y`, `position_z`, `orientation`, `spawntimesecs`, `spawndist`, `currentwaypoint`, `curhealth`, `curmana`, `MovementType`, `npcflag`, `unit_flags`, `dynamicflags`) values('14500189','391270','0','1','3969','0','0','-8860.9','538.57','142.578','5.11292','300','0','0','3052','0','0','0','0','0');
insert into `creature` (`guid`, `id`, `map`, `spawnMask`, `phaseMask`, `modelid`, `equipment_id`, `position_x`, `position_y`, `position_z`, `orientation`, `spawntimesecs`, `spawndist`, `currentwaypoint`, `curhealth`, `curmana`, `MovementType`, `npcflag`, `unit_flags`, `dynamicflags`) values('14500190','391270','0','1','3969','0','0','-8831.28','483.234','138.933','5.46405','300','0','0','3052','0','0','0','0','0');
insert into `creature` (`guid`, `id`, `map`, `spawnMask`, `phaseMask`, `modelid`, `equipment_id`, `position_x`, `position_y`, `position_z`, `orientation`, `spawntimesecs`, `spawndist`, `currentwaypoint`, `curhealth`, `curmana`, `MovementType`, `npcflag`, `unit_flags`, `dynamicflags`) values('14500191','391270','0','1','3969','0','0','-8835.48','461.243','143.455','5.34577','300','0','0','3052','0','0','0','0','0');
insert into `creature` (`guid`, `id`, `map`, `spawnMask`, `phaseMask`, `modelid`, `equipment_id`, `position_x`, `position_y`, `position_z`, `orientation`, `spawntimesecs`, `spawndist`, `currentwaypoint`, `curhealth`, `curmana`, `MovementType`, `npcflag`, `unit_flags`, `dynamicflags`) values('14500192','391270','0','1','3969','0','0','-8879.99','552.879','162.26','2.84428','300','0','0','3052','0','0','0','0','0');
insert into `creature` (`guid`, `id`, `map`, `spawnMask`, `phaseMask`, `modelid`, `equipment_id`, `position_x`, `position_y`, `position_z`, `orientation`, `spawntimesecs`, `spawndist`, `currentwaypoint`, `curhealth`, `curmana`, `MovementType`, `npcflag`, `unit_flags`, `dynamicflags`) values('14500193','391270','0','1','3969','0','0','-8789.25','456.746','159.433','4.23703','300','0','0','3052','0','0','0','0','0');
insert into `creature` (`guid`, `id`, `map`, `spawnMask`, `phaseMask`, `modelid`, `equipment_id`, `position_x`, `position_y`, `position_z`, `orientation`, `spawntimesecs`, `spawndist`, `currentwaypoint`, `curhealth`, `curmana`, `MovementType`, `npcflag`, `unit_flags`, `dynamicflags`) values('14500194','391270','0','1','3969','0','0','-8876.37','557.99','99.8653','4.31555','300','0','0','3052','0','0','0','0','0');
insert into `creature` (`guid`, `id`, `map`, `spawnMask`, `phaseMask`, `modelid`, `equipment_id`, `position_x`, `position_y`, `position_z`, `orientation`, `spawntimesecs`, `spawndist`, `currentwaypoint`, `curhealth`, `curmana`, `MovementType`, `npcflag`, `unit_flags`, `dynamicflags`) values('14500195','391270','0','1','3969','0','0','-8879.79','566.91','93.5635','4.30377','300','0','0','3052','0','0','0','0','0');
insert into `creature` (`guid`, `id`, `map`, `spawnMask`, `phaseMask`, `modelid`, `equipment_id`, `position_x`, `position_y`, `position_z`, `orientation`, `spawntimesecs`, `spawndist`, `currentwaypoint`, `curhealth`, `curmana`, `MovementType`, `npcflag`, `unit_flags`, `dynamicflags`) values('14500196','391271','1','1','3969','0','0','1504.58','-4432.29','24.9462','2.35027','300','0','0','3052','0','0','0','0','0');
insert into `creature` (`guid`, `id`, `map`, `spawnMask`, `phaseMask`, `modelid`, `equipment_id`, `position_x`, `position_y`, `position_z`, `orientation`, `spawntimesecs`, `spawndist`, `currentwaypoint`, `curhealth`, `curmana`, `MovementType`, `npcflag`, `unit_flags`, `dynamicflags`) values('14500197','391271','1','1','3969','0','0','1495.65','-4400.21','24.3474','3.90537','300','0','0','3052','0','0','0','0','0');
insert into `creature` (`guid`, `id`, `map`, `spawnMask`, `phaseMask`, `modelid`, `equipment_id`, `position_x`, `position_y`, `position_z`, `orientation`, `spawntimesecs`, `spawndist`, `currentwaypoint`, `curhealth`, `curmana`, `MovementType`, `npcflag`, `unit_flags`, `dynamicflags`) values('14500198','391271','1','1','3969','0','0','1508.36','-4359.23','74.4688','3.24564','300','0','0','3052','0','0','0','0','0');
insert into `creature` (`guid`, `id`, `map`, `spawnMask`, `phaseMask`, `modelid`, `equipment_id`, `position_x`, `position_y`, `position_z`, `orientation`, `spawntimesecs`, `spawndist`, `currentwaypoint`, `curhealth`, `curmana`, `MovementType`, `npcflag`, `unit_flags`, `dynamicflags`) values('14500199','391271','1','1','3969','0','0','1483.95','-4357.85','109.688','1.03868','300','0','0','3052','0','0','0','0','0');
insert into `creature` (`guid`, `id`, `map`, `spawnMask`, `phaseMask`, `modelid`, `equipment_id`, `position_x`, `position_y`, `position_z`, `orientation`, `spawntimesecs`, `spawndist`, `currentwaypoint`, `curhealth`, `curmana`, `MovementType`, `npcflag`, `unit_flags`, `dynamicflags`) values('14500200','391271','1','1','3969','0','0','1460.17','-4359.2','110.86','1.17612','300','0','0','3052','0','0','0','0','0');
insert into `creature` (`guid`, `id`, `map`, `spawnMask`, `phaseMask`, `modelid`, `equipment_id`, `position_x`, `position_y`, `position_z`, `orientation`, `spawntimesecs`, `spawndist`, `currentwaypoint`, `curhealth`, `curmana`, `MovementType`, `npcflag`, `unit_flags`, `dynamicflags`) values('14500201','391271','1','1','3969','0','0','1472.33','-4392.66','78.2528','5.14629','300','0','0','3052','0','0','0','0','0');
insert into `creature` (`guid`, `id`, `map`, `spawnMask`, `phaseMask`, `modelid`, `equipment_id`, `position_x`, `position_y`, `position_z`, `orientation`, `spawntimesecs`, `spawndist`, `currentwaypoint`, `curhealth`, `curmana`, `MovementType`, `npcflag`, `unit_flags`, `dynamicflags`) values('14500202','391271','1','1','3969','0','0','1483.57','-4427.1','78.9931','4.96957','300','0','0','3052','0','0','0','0','0');
insert into `creature` (`guid`, `id`, `map`, `spawnMask`, `phaseMask`, `modelid`, `equipment_id`, `position_x`, `position_y`, `position_z`, `orientation`, `spawntimesecs`, `spawndist`, `currentwaypoint`, `curhealth`, `curmana`, `MovementType`, `npcflag`, `unit_flags`, `dynamicflags`) values('14500203','391271','1','1','3969','0','0','1488.77','-4470.27','78.5584','4.79678','300','0','0','3052','0','0','0','0','0');
insert into `creature` (`guid`, `id`, `map`, `spawnMask`, `phaseMask`, `modelid`, `equipment_id`, `position_x`, `position_y`, `position_z`, `orientation`, `spawntimesecs`, `spawndist`, `currentwaypoint`, `curhealth`, `curmana`, `MovementType`, `npcflag`, `unit_flags`, `dynamicflags`) values('14500204','391271','1','1','3969','0','0','1527.16','-4458.05','70.197','0.363206','300','0','0','3052','0','0','0','0','0');
insert into `creature` (`guid`, `id`, `map`, `spawnMask`, `phaseMask`, `modelid`, `equipment_id`, `position_x`, `position_y`, `position_z`, `orientation`, `spawntimesecs`, `spawndist`, `currentwaypoint`, `curhealth`, `curmana`, `MovementType`, `npcflag`, `unit_flags`, `dynamicflags`) values('14500205','391271','1','1','3969','0','0','1542.32','-4452.55','72.1111','0.414256','300','0','0','3052','0','0','0','0','0');
insert into `creature` (`guid`, `id`, `map`, `spawnMask`, `phaseMask`, `modelid`, `equipment_id`, `position_x`, `position_y`, `position_z`, `orientation`, `spawntimesecs`, `spawndist`, `currentwaypoint`, `curhealth`, `curmana`, `MovementType`, `npcflag`, `unit_flags`, `dynamicflags`) values('14500206','391271','1','1','3969','0','0','1495.95','-4474.92','107.682','2.24031','300','0','0','3052','0','0','0','0','0');
insert into `creature` (`guid`, `id`, `map`, `spawnMask`, `phaseMask`, `modelid`, `equipment_id`, `position_x`, `position_y`, `position_z`, `orientation`, `spawntimesecs`, `spawndist`, `currentwaypoint`, `curhealth`, `curmana`, `MovementType`, `npcflag`, `unit_flags`, `dynamicflags`) values('14500207','391271','1','1','3969','0','0','1537.14','-4474.17','72.9647','0.75983','300','0','0','3052','0','0','0','0','0');
insert into `creature` (`guid`, `id`, `map`, `spawnMask`, `phaseMask`, `modelid`, `equipment_id`, `position_x`, `position_y`, `position_z`, `orientation`, `spawntimesecs`, `spawndist`, `currentwaypoint`, `curhealth`, `curmana`, `MovementType`, `npcflag`, `unit_flags`, `dynamicflags`) values('14500208','391271','1','1','3969','0','0','1496.23','-4426.56','71.3261','0.0843792','300','0','0','3052','0','0','0','0','0');
insert into `creature` (`guid`, `id`, `map`, `spawnMask`, `phaseMask`, `modelid`, `equipment_id`, `position_x`, `position_y`, `position_z`, `orientation`, `spawntimesecs`, `spawndist`, `currentwaypoint`, `curhealth`, `curmana`, `MovementType`, `npcflag`, `unit_flags`, `dynamicflags`) values('14500209','391271','1','1','3969','0','0','1489.93','-4382.4','71.1749','0.261092','300','0','0','3052','0','0','0','0','0');
insert into `creature` (`guid`, `id`, `map`, `spawnMask`, `phaseMask`, `modelid`, `equipment_id`, `position_x`, `position_y`, `position_z`, `orientation`, `spawntimesecs`, `spawndist`, `currentwaypoint`, `curhealth`, `curmana`, `MovementType`, `npcflag`, `unit_flags`, `dynamicflags`) values('14500210','391271','0','1','3969','0','0','-8977.71','673.604','159.434','1.03669','300','0','0','3052','0','0','0','0','0');
insert into `creature` (`guid`, `id`, `map`, `spawnMask`, `phaseMask`, `modelid`, `equipment_id`, `position_x`, `position_y`, `position_z`, `orientation`, `spawntimesecs`, `spawndist`, `currentwaypoint`, `curhealth`, `curmana`, `MovementType`, `npcflag`, `unit_flags`, `dynamicflags`) values('14500211','391271','0','1','3969','0','0','-8949.79','631.67','129.266','5.37602','300','0','0','3052','0','0','0','0','0');
insert into `creature` (`guid`, `id`, `map`, `spawnMask`, `phaseMask`, `modelid`, `equipment_id`, `position_x`, `position_y`, `position_z`, `orientation`, `spawntimesecs`, `spawndist`, `currentwaypoint`, `curhealth`, `curmana`, `MovementType`, `npcflag`, `unit_flags`, `dynamicflags`) values('14500212','391271','0','1','3969','0','0','-8978.94','645.814','138.9','2.85096','300','0','0','3052','0','0','0','0','0');
insert into `creature` (`guid`, `id`, `map`, `spawnMask`, `phaseMask`, `modelid`, `equipment_id`, `position_x`, `position_y`, `position_z`, `orientation`, `spawntimesecs`, `spawndist`, `currentwaypoint`, `curhealth`, `curmana`, `MovementType`, `npcflag`, `unit_flags`, `dynamicflags`) values('14500213','391271','0','1','3969','0','0','-8955.57','615.378','138.9','5.3603','300','0','0','3052','0','0','0','0','0');
insert into `creature` (`guid`, `id`, `map`, `spawnMask`, `phaseMask`, `modelid`, `equipment_id`, `position_x`, `position_y`, `position_z`, `orientation`, `spawntimesecs`, `spawndist`, `currentwaypoint`, `curhealth`, `curmana`, `MovementType`, `npcflag`, `unit_flags`, `dynamicflags`) values('14500214','391271','0','1','3969','0','0','-8910.32','609.325','145.472','5.80798','300','0','0','3052','0','0','0','0','0');
insert into `creature` (`guid`, `id`, `map`, `spawnMask`, `phaseMask`, `modelid`, `equipment_id`, `position_x`, `position_y`, `position_z`, `orientation`, `spawntimesecs`, `spawndist`, `currentwaypoint`, `curhealth`, `curmana`, `MovementType`, `npcflag`, `unit_flags`, `dynamicflags`) values('14500215','391271','0','1','3969','0','0','-8908.48','580.994','162.261','3.67957','300','0','0','3052','0','0','0','0','0');
insert into `creature` (`guid`, `id`, `map`, `spawnMask`, `phaseMask`, `modelid`, `equipment_id`, `position_x`, `position_y`, `position_z`, `orientation`, `spawntimesecs`, `spawndist`, `currentwaypoint`, `curhealth`, `curmana`, `MovementType`, `npcflag`, `unit_flags`, `dynamicflags`) values('14500216','391271','0','1','3969','0','0','-8916.81','607.668','162.201','1.89671','300','0','0','3052','0','0','0','0','0');
insert into `creature` (`guid`, `id`, `map`, `spawnMask`, `phaseMask`, `modelid`, `equipment_id`, `position_x`, `position_y`, `position_z`, `orientation`, `spawntimesecs`, `spawndist`, `currentwaypoint`, `curhealth`, `curmana`, `MovementType`, `npcflag`, `unit_flags`, `dynamicflags`) values('14500217','391271','0','1','3969','0','0','-8887.05','555.576','115.853','5.41531','300','0','0','3052','0','0','0','0','0');
insert into `creature` (`guid`, `id`, `map`, `spawnMask`, `phaseMask`, `modelid`, `equipment_id`, `position_x`, `position_y`, `position_z`, `orientation`, `spawntimesecs`, `spawndist`, `currentwaypoint`, `curhealth`, `curmana`, `MovementType`, `npcflag`, `unit_flags`, `dynamicflags`) values('14500218','391271','0','1','3969','0','0','-8883.09','553.891','145.463','0.0510268','300','0','0','3052','0','0','0','0','0');
insert into `creature` (`guid`, `id`, `map`, `spawnMask`, `phaseMask`, `modelid`, `equipment_id`, `position_x`, `position_y`, `position_z`, `orientation`, `spawntimesecs`, `spawndist`, `currentwaypoint`, `curhealth`, `curmana`, `MovementType`, `npcflag`, `unit_flags`, `dynamicflags`) values('14500219','391271','0','1','3969','0','0','-8860.9','538.57','142.578','5.11292','300','0','0','3052','0','0','0','0','0');
insert into `creature` (`guid`, `id`, `map`, `spawnMask`, `phaseMask`, `modelid`, `equipment_id`, `position_x`, `position_y`, `position_z`, `orientation`, `spawntimesecs`, `spawndist`, `currentwaypoint`, `curhealth`, `curmana`, `MovementType`, `npcflag`, `unit_flags`, `dynamicflags`) values('14500220','391271','0','1','3969','0','0','-8831.28','483.234','138.933','5.46405','300','0','0','3052','0','0','0','0','0');
insert into `creature` (`guid`, `id`, `map`, `spawnMask`, `phaseMask`, `modelid`, `equipment_id`, `position_x`, `position_y`, `position_z`, `orientation`, `spawntimesecs`, `spawndist`, `currentwaypoint`, `curhealth`, `curmana`, `MovementType`, `npcflag`, `unit_flags`, `dynamicflags`) values('14500221','391271','0','1','3969','0','0','-8835.48','461.243','143.455','5.34577','300','0','0','3052','0','0','0','0','0');
insert into `creature` (`guid`, `id`, `map`, `spawnMask`, `phaseMask`, `modelid`, `equipment_id`, `position_x`, `position_y`, `position_z`, `orientation`, `spawntimesecs`, `spawndist`, `currentwaypoint`, `curhealth`, `curmana`, `MovementType`, `npcflag`, `unit_flags`, `dynamicflags`) values('14500222','391271','0','1','3969','0','0','-8879.99','552.879','162.26','2.84428','300','0','0','3052','0','0','0','0','0');
insert into `creature` (`guid`, `id`, `map`, `spawnMask`, `phaseMask`, `modelid`, `equipment_id`, `position_x`, `position_y`, `position_z`, `orientation`, `spawntimesecs`, `spawndist`, `currentwaypoint`, `curhealth`, `curmana`, `MovementType`, `npcflag`, `unit_flags`, `dynamicflags`) values('14500223','391271','0','1','3969','0','0','-8789.25','456.746','159.433','4.23703','300','0','0','3052','0','0','0','0','0');
insert into `creature` (`guid`, `id`, `map`, `spawnMask`, `phaseMask`, `modelid`, `equipment_id`, `position_x`, `position_y`, `position_z`, `orientation`, `spawntimesecs`, `spawndist`, `currentwaypoint`, `curhealth`, `curmana`, `MovementType`, `npcflag`, `unit_flags`, `dynamicflags`) values('14500224','391271','0','1','3969','0','0','-8876.37','557.99','99.8653','4.31555','300','0','0','3052','0','0','0','0','0');
insert into `creature` (`guid`, `id`, `map`, `spawnMask`, `phaseMask`, `modelid`, `equipment_id`, `position_x`, `position_y`, `position_z`, `orientation`, `spawntimesecs`, `spawndist`, `currentwaypoint`, `curhealth`, `curmana`, `MovementType`, `npcflag`, `unit_flags`, `dynamicflags`) values('14500225','391271','0','1','3969','0','0','-8879.79','566.91','93.5635','4.30377','300','0','0','3052','0','0','0','0','0');

DELETE FROM `game_event_creature` WHERE (`eventEntry`='65');
INSERT INTO `game_event_creature` (`eventEntry`, `guid`) VALUES ('65', '14500000');
INSERT INTO `game_event_creature` (`eventEntry`, `guid`) VALUES ('65', '14500001');
INSERT INTO `game_event_creature` (`eventEntry`, `guid`) VALUES ('65', '14500002');
INSERT INTO `game_event_creature` (`eventEntry`, `guid`) VALUES ('65', '14500003');
INSERT INTO `game_event_creature` (`eventEntry`, `guid`) VALUES ('65', '14500004');
INSERT INTO `game_event_creature` (`eventEntry`, `guid`) VALUES ('65', '14500005');
INSERT INTO `game_event_creature` (`eventEntry`, `guid`) VALUES ('65', '14500006');
INSERT INTO `game_event_creature` (`eventEntry`, `guid`) VALUES ('65', '14500007');
INSERT INTO `game_event_creature` (`eventEntry`, `guid`) VALUES ('65', '14500008');
INSERT INTO `game_event_creature` (`eventEntry`, `guid`) VALUES ('65', '14500009');
INSERT INTO `game_event_creature` (`eventEntry`, `guid`) VALUES ('65', '14500010');
INSERT INTO `game_event_creature` (`eventEntry`, `guid`) VALUES ('65', '14500011');
INSERT INTO `game_event_creature` (`eventEntry`, `guid`) VALUES ('65', '14500012');
INSERT INTO `game_event_creature` (`eventEntry`, `guid`) VALUES ('65', '14500013');
INSERT INTO `game_event_creature` (`eventEntry`, `guid`) VALUES ('65', '14500014');
INSERT INTO `game_event_creature` (`eventEntry`, `guid`) VALUES ('65', '14500015');
INSERT INTO `game_event_creature` (`eventEntry`, `guid`) VALUES ('65', '14500016');
INSERT INTO `game_event_creature` (`eventEntry`, `guid`) VALUES ('65', '14500017');
INSERT INTO `game_event_creature` (`eventEntry`, `guid`) VALUES ('65', '14500018');
INSERT INTO `game_event_creature` (`eventEntry`, `guid`) VALUES ('65', '14500019');
INSERT INTO `game_event_creature` (`eventEntry`, `guid`) VALUES ('65', '14500020');
INSERT INTO `game_event_creature` (`eventEntry`, `guid`) VALUES ('65', '14500021');
INSERT INTO `game_event_creature` (`eventEntry`, `guid`) VALUES ('65', '14500022');
INSERT INTO `game_event_creature` (`eventEntry`, `guid`) VALUES ('65', '14500023');
INSERT INTO `game_event_creature` (`eventEntry`, `guid`) VALUES ('65', '14500024');
INSERT INTO `game_event_creature` (`eventEntry`, `guid`) VALUES ('65', '14500025');
INSERT INTO `game_event_creature` (`eventEntry`, `guid`) VALUES ('65', '14500026');
INSERT INTO `game_event_creature` (`eventEntry`, `guid`) VALUES ('65', '14500027');
INSERT INTO `game_event_creature` (`eventEntry`, `guid`) VALUES ('65', '14500028');
INSERT INTO `game_event_creature` (`eventEntry`, `guid`) VALUES ('65', '14500029');
INSERT INTO `game_event_creature` (`eventEntry`, `guid`) VALUES ('65', '14500030');
INSERT INTO `game_event_creature` (`eventEntry`, `guid`) VALUES ('65', '14500031');
INSERT INTO `game_event_creature` (`eventEntry`, `guid`) VALUES ('65', '14500032');
INSERT INTO `game_event_creature` (`eventEntry`, `guid`) VALUES ('65', '14500033');
INSERT INTO `game_event_creature` (`eventEntry`, `guid`) VALUES ('65', '14500034');
INSERT INTO `game_event_creature` (`eventEntry`, `guid`) VALUES ('65', '14500035');
INSERT INTO `game_event_creature` (`eventEntry`, `guid`) VALUES ('65', '14500036');
INSERT INTO `game_event_creature` (`eventEntry`, `guid`) VALUES ('65', '14500037');
INSERT INTO `game_event_creature` (`eventEntry`, `guid`) VALUES ('65', '14500038');
INSERT INTO `game_event_creature` (`eventEntry`, `guid`) VALUES ('65', '14500039');
INSERT INTO `game_event_creature` (`eventEntry`, `guid`) VALUES ('65', '14500040');
INSERT INTO `game_event_creature` (`eventEntry`, `guid`) VALUES ('65', '14500041');
INSERT INTO `game_event_creature` (`eventEntry`, `guid`) VALUES ('65', '14500042');
INSERT INTO `game_event_creature` (`eventEntry`, `guid`) VALUES ('65', '14500043');
INSERT INTO `game_event_creature` (`eventEntry`, `guid`) VALUES ('65', '14500044');
INSERT INTO `game_event_creature` (`eventEntry`, `guid`) VALUES ('65', '14500045');
INSERT INTO `game_event_creature` (`eventEntry`, `guid`) VALUES ('65', '14500046');
INSERT INTO `game_event_creature` (`eventEntry`, `guid`) VALUES ('65', '14500047');
INSERT INTO `game_event_creature` (`eventEntry`, `guid`) VALUES ('65', '14500048');
INSERT INTO `game_event_creature` (`eventEntry`, `guid`) VALUES ('65', '14500049');
INSERT INTO `game_event_creature` (`eventEntry`, `guid`) VALUES ('65', '14500050');
INSERT INTO `game_event_creature` (`eventEntry`, `guid`) VALUES ('65', '14500051');
INSERT INTO `game_event_creature` (`eventEntry`, `guid`) VALUES ('65', '14500052');
INSERT INTO `game_event_creature` (`eventEntry`, `guid`) VALUES ('65', '14500053');
INSERT INTO `game_event_creature` (`eventEntry`, `guid`) VALUES ('65', '14500054');
INSERT INTO `game_event_creature` (`eventEntry`, `guid`) VALUES ('65', '14500055');
INSERT INTO `game_event_creature` (`eventEntry`, `guid`) VALUES ('65', '14500056');
INSERT INTO `game_event_creature` (`eventEntry`, `guid`) VALUES ('65', '14500057');
INSERT INTO `game_event_creature` (`eventEntry`, `guid`) VALUES ('65', '14500058');
INSERT INTO `game_event_creature` (`eventEntry`, `guid`) VALUES ('65', '14500059');
INSERT INTO `game_event_creature` (`eventEntry`, `guid`) VALUES ('65', '14500060');
INSERT INTO `game_event_creature` (`eventEntry`, `guid`) VALUES ('65', '14500061');
INSERT INTO `game_event_creature` (`eventEntry`, `guid`) VALUES ('65', '14500062');
INSERT INTO `game_event_creature` (`eventEntry`, `guid`) VALUES ('65', '14500063');
INSERT INTO `game_event_creature` (`eventEntry`, `guid`) VALUES ('65', '14500064');
INSERT INTO `game_event_creature` (`eventEntry`, `guid`) VALUES ('65', '14500065');
INSERT INTO `game_event_creature` (`eventEntry`, `guid`) VALUES ('65', '14500066');
INSERT INTO `game_event_creature` (`eventEntry`, `guid`) VALUES ('65', '14500067');
INSERT INTO `game_event_creature` (`eventEntry`, `guid`) VALUES ('65', '14500068');
INSERT INTO `game_event_creature` (`eventEntry`, `guid`) VALUES ('65', '14500069');
INSERT INTO `game_event_creature` (`eventEntry`, `guid`) VALUES ('65', '14500070');
INSERT INTO `game_event_creature` (`eventEntry`, `guid`) VALUES ('65', '14500071');
INSERT INTO `game_event_creature` (`eventEntry`, `guid`) VALUES ('65', '14500072');
INSERT INTO `game_event_creature` (`eventEntry`, `guid`) VALUES ('65', '14500073');
INSERT INTO `game_event_creature` (`eventEntry`, `guid`) VALUES ('65', '14500074');
INSERT INTO `game_event_creature` (`eventEntry`, `guid`) VALUES ('65', '14500075');
INSERT INTO `game_event_creature` (`eventEntry`, `guid`) VALUES ('65', '14500076');
INSERT INTO `game_event_creature` (`eventEntry`, `guid`) VALUES ('65', '14500077');
INSERT INTO `game_event_creature` (`eventEntry`, `guid`) VALUES ('65', '14500078');
INSERT INTO `game_event_creature` (`eventEntry`, `guid`) VALUES ('65', '14500079');
INSERT INTO `game_event_creature` (`eventEntry`, `guid`) VALUES ('65', '14500080');
INSERT INTO `game_event_creature` (`eventEntry`, `guid`) VALUES ('65', '14500081');
INSERT INTO `game_event_creature` (`eventEntry`, `guid`) VALUES ('65', '14500082');
INSERT INTO `game_event_creature` (`eventEntry`, `guid`) VALUES ('65', '14500083');
INSERT INTO `game_event_creature` (`eventEntry`, `guid`) VALUES ('65', '14500084');
INSERT INTO `game_event_creature` (`eventEntry`, `guid`) VALUES ('65', '14500085');
INSERT INTO `game_event_creature` (`eventEntry`, `guid`) VALUES ('65', '14500086');
INSERT INTO `game_event_creature` (`eventEntry`, `guid`) VALUES ('65', '14500087');
INSERT INTO `game_event_creature` (`eventEntry`, `guid`) VALUES ('65', '14500088');
INSERT INTO `game_event_creature` (`eventEntry`, `guid`) VALUES ('65', '14500089');
INSERT INTO `game_event_creature` (`eventEntry`, `guid`) VALUES ('65', '14500090');
INSERT INTO `game_event_creature` (`eventEntry`, `guid`) VALUES ('65', '14500091');
INSERT INTO `game_event_creature` (`eventEntry`, `guid`) VALUES ('65', '14500092');
INSERT INTO `game_event_creature` (`eventEntry`, `guid`) VALUES ('65', '14500093');
INSERT INTO `game_event_creature` (`eventEntry`, `guid`) VALUES ('65', '14500094');
INSERT INTO `game_event_creature` (`eventEntry`, `guid`) VALUES ('65', '14500095');
INSERT INTO `game_event_creature` (`eventEntry`, `guid`) VALUES ('65', '14500096');
INSERT INTO `game_event_creature` (`eventEntry`, `guid`) VALUES ('65', '14500097');
INSERT INTO `game_event_creature` (`eventEntry`, `guid`) VALUES ('65', '14500098');
INSERT INTO `game_event_creature` (`eventEntry`, `guid`) VALUES ('65', '14500099');
INSERT INTO `game_event_creature` (`eventEntry`, `guid`) VALUES ('65', '14500100');
INSERT INTO `game_event_creature` (`eventEntry`, `guid`) VALUES ('65', '14500101');
INSERT INTO `game_event_creature` (`eventEntry`, `guid`) VALUES ('65', '14500102');
INSERT INTO `game_event_creature` (`eventEntry`, `guid`) VALUES ('65', '14500103');
INSERT INTO `game_event_creature` (`eventEntry`, `guid`) VALUES ('65', '14500104');
INSERT INTO `game_event_creature` (`eventEntry`, `guid`) VALUES ('65', '14500105');
INSERT INTO `game_event_creature` (`eventEntry`, `guid`) VALUES ('65', '14500106');
INSERT INTO `game_event_creature` (`eventEntry`, `guid`) VALUES ('65', '14500107');
INSERT INTO `game_event_creature` (`eventEntry`, `guid`) VALUES ('65', '14500108');
INSERT INTO `game_event_creature` (`eventEntry`, `guid`) VALUES ('65', '14500109');
INSERT INTO `game_event_creature` (`eventEntry`, `guid`) VALUES ('65', '14500110');
INSERT INTO `game_event_creature` (`eventEntry`, `guid`) VALUES ('65', '14500111');
INSERT INTO `game_event_creature` (`eventEntry`, `guid`) VALUES ('65', '14500112');
INSERT INTO `game_event_creature` (`eventEntry`, `guid`) VALUES ('65', '14500113');
INSERT INTO `game_event_creature` (`eventEntry`, `guid`) VALUES ('65', '14500114');
INSERT INTO `game_event_creature` (`eventEntry`, `guid`) VALUES ('65', '14500115');
INSERT INTO `game_event_creature` (`eventEntry`, `guid`) VALUES ('65', '14500116');
INSERT INTO `game_event_creature` (`eventEntry`, `guid`) VALUES ('65', '14500117');
INSERT INTO `game_event_creature` (`eventEntry`, `guid`) VALUES ('65', '14500118');
INSERT INTO `game_event_creature` (`eventEntry`, `guid`) VALUES ('65', '14500119');
INSERT INTO `game_event_creature` (`eventEntry`, `guid`) VALUES ('65', '14500120');
INSERT INTO `game_event_creature` (`eventEntry`, `guid`) VALUES ('65', '14500121');
INSERT INTO `game_event_creature` (`eventEntry`, `guid`) VALUES ('65', '14500122');
INSERT INTO `game_event_creature` (`eventEntry`, `guid`) VALUES ('65', '14500123');
INSERT INTO `game_event_creature` (`eventEntry`, `guid`) VALUES ('65', '14500124');
INSERT INTO `game_event_creature` (`eventEntry`, `guid`) VALUES ('65', '14500125');
INSERT INTO `game_event_creature` (`eventEntry`, `guid`) VALUES ('65', '14500126');
INSERT INTO `game_event_creature` (`eventEntry`, `guid`) VALUES ('65', '14500127');
INSERT INTO `game_event_creature` (`eventEntry`, `guid`) VALUES ('65', '14500128');
INSERT INTO `game_event_creature` (`eventEntry`, `guid`) VALUES ('65', '14500129');
INSERT INTO `game_event_creature` (`eventEntry`, `guid`) VALUES ('65', '14500130');
INSERT INTO `game_event_creature` (`eventEntry`, `guid`) VALUES ('65', '14500131');
INSERT INTO `game_event_creature` (`eventEntry`, `guid`) VALUES ('65', '14500132');
INSERT INTO `game_event_creature` (`eventEntry`, `guid`) VALUES ('65', '14500133');
INSERT INTO `game_event_creature` (`eventEntry`, `guid`) VALUES ('65', '14500134');
INSERT INTO `game_event_creature` (`eventEntry`, `guid`) VALUES ('65', '14500135');
INSERT INTO `game_event_creature` (`eventEntry`, `guid`) VALUES ('65', '14500136');
INSERT INTO `game_event_creature` (`eventEntry`, `guid`) VALUES ('65', '14500137');
INSERT INTO `game_event_creature` (`eventEntry`, `guid`) VALUES ('65', '14500138');
INSERT INTO `game_event_creature` (`eventEntry`, `guid`) VALUES ('65', '14500139');
INSERT INTO `game_event_creature` (`eventEntry`, `guid`) VALUES ('65', '14500140');
INSERT INTO `game_event_creature` (`eventEntry`, `guid`) VALUES ('65', '14500141');
INSERT INTO `game_event_creature` (`eventEntry`, `guid`) VALUES ('65', '14500142');
INSERT INTO `game_event_creature` (`eventEntry`, `guid`) VALUES ('65', '14500143');
INSERT INTO `game_event_creature` (`eventEntry`, `guid`) VALUES ('65', '14500144');
INSERT INTO `game_event_creature` (`eventEntry`, `guid`) VALUES ('65', '14500145');
INSERT INTO `game_event_creature` (`eventEntry`, `guid`) VALUES ('65', '14500146');
INSERT INTO `game_event_creature` (`eventEntry`, `guid`) VALUES ('65', '14500147');
INSERT INTO `game_event_creature` (`eventEntry`, `guid`) VALUES ('65', '14500148');
INSERT INTO `game_event_creature` (`eventEntry`, `guid`) VALUES ('65', '14500149');
INSERT INTO `game_event_creature` (`eventEntry`, `guid`) VALUES ('65', '14500150');
INSERT INTO `game_event_creature` (`eventEntry`, `guid`) VALUES ('65', '14500151');
INSERT INTO `game_event_creature` (`eventEntry`, `guid`) VALUES ('65', '14500152');
INSERT INTO `game_event_creature` (`eventEntry`, `guid`) VALUES ('65', '14500153');
INSERT INTO `game_event_creature` (`eventEntry`, `guid`) VALUES ('65', '14500154');
INSERT INTO `game_event_creature` (`eventEntry`, `guid`) VALUES ('65', '14500155');
INSERT INTO `game_event_creature` (`eventEntry`, `guid`) VALUES ('65', '14500156');
INSERT INTO `game_event_creature` (`eventEntry`, `guid`) VALUES ('65', '14500157');
INSERT INTO `game_event_creature` (`eventEntry`, `guid`) VALUES ('65', '14500158');
INSERT INTO `game_event_creature` (`eventEntry`, `guid`) VALUES ('65', '14500159');
INSERT INTO `game_event_creature` (`eventEntry`, `guid`) VALUES ('65', '14500160');
INSERT INTO `game_event_creature` (`eventEntry`, `guid`) VALUES ('65', '14500161');
INSERT INTO `game_event_creature` (`eventEntry`, `guid`) VALUES ('65', '14500162');
INSERT INTO `game_event_creature` (`eventEntry`, `guid`) VALUES ('65', '14500163');
INSERT INTO `game_event_creature` (`eventEntry`, `guid`) VALUES ('65', '14500164');
INSERT INTO `game_event_creature` (`eventEntry`, `guid`) VALUES ('65', '14500165');
INSERT INTO `game_event_creature` (`eventEntry`, `guid`) VALUES ('65', '14500166');
INSERT INTO `game_event_creature` (`eventEntry`, `guid`) VALUES ('65', '14500167');
INSERT INTO `game_event_creature` (`eventEntry`, `guid`) VALUES ('65', '14500168');
INSERT INTO `game_event_creature` (`eventEntry`, `guid`) VALUES ('65', '14500169');
INSERT INTO `game_event_creature` (`eventEntry`, `guid`) VALUES ('65', '14500170');
INSERT INTO `game_event_creature` (`eventEntry`, `guid`) VALUES ('65', '14500171');
INSERT INTO `game_event_creature` (`eventEntry`, `guid`) VALUES ('65', '14500172');
INSERT INTO `game_event_creature` (`eventEntry`, `guid`) VALUES ('65', '14500173');
INSERT INTO `game_event_creature` (`eventEntry`, `guid`) VALUES ('65', '14500174');
INSERT INTO `game_event_creature` (`eventEntry`, `guid`) VALUES ('65', '14500175');
INSERT INTO `game_event_creature` (`eventEntry`, `guid`) VALUES ('65', '14500176');
INSERT INTO `game_event_creature` (`eventEntry`, `guid`) VALUES ('65', '14500177');
INSERT INTO `game_event_creature` (`eventEntry`, `guid`) VALUES ('65', '14500178');
INSERT INTO `game_event_creature` (`eventEntry`, `guid`) VALUES ('65', '14500179');
INSERT INTO `game_event_creature` (`eventEntry`, `guid`) VALUES ('65', '14500180');
INSERT INTO `game_event_creature` (`eventEntry`, `guid`) VALUES ('65', '14500181');
INSERT INTO `game_event_creature` (`eventEntry`, `guid`) VALUES ('65', '14500182');
INSERT INTO `game_event_creature` (`eventEntry`, `guid`) VALUES ('65', '14500183');
INSERT INTO `game_event_creature` (`eventEntry`, `guid`) VALUES ('65', '14500184');
INSERT INTO `game_event_creature` (`eventEntry`, `guid`) VALUES ('65', '14500185');
INSERT INTO `game_event_creature` (`eventEntry`, `guid`) VALUES ('65', '14500186');
INSERT INTO `game_event_creature` (`eventEntry`, `guid`) VALUES ('65', '14500187');
INSERT INTO `game_event_creature` (`eventEntry`, `guid`) VALUES ('65', '14500188');
INSERT INTO `game_event_creature` (`eventEntry`, `guid`) VALUES ('65', '14500189');
INSERT INTO `game_event_creature` (`eventEntry`, `guid`) VALUES ('65', '14500190');
INSERT INTO `game_event_creature` (`eventEntry`, `guid`) VALUES ('65', '14500191');
INSERT INTO `game_event_creature` (`eventEntry`, `guid`) VALUES ('65', '14500192');
INSERT INTO `game_event_creature` (`eventEntry`, `guid`) VALUES ('65', '14500193');
INSERT INTO `game_event_creature` (`eventEntry`, `guid`) VALUES ('65', '14500194');
INSERT INTO `game_event_creature` (`eventEntry`, `guid`) VALUES ('65', '14500195');
INSERT INTO `game_event_creature` (`eventEntry`, `guid`) VALUES ('65', '14500196');
INSERT INTO `game_event_creature` (`eventEntry`, `guid`) VALUES ('65', '14500197');
INSERT INTO `game_event_creature` (`eventEntry`, `guid`) VALUES ('65', '14500198');
INSERT INTO `game_event_creature` (`eventEntry`, `guid`) VALUES ('65', '14500199');
INSERT INTO `game_event_creature` (`eventEntry`, `guid`) VALUES ('65', '14500200');
INSERT INTO `game_event_creature` (`eventEntry`, `guid`) VALUES ('65', '14500201');
INSERT INTO `game_event_creature` (`eventEntry`, `guid`) VALUES ('65', '14500202');
INSERT INTO `game_event_creature` (`eventEntry`, `guid`) VALUES ('65', '14500203');
INSERT INTO `game_event_creature` (`eventEntry`, `guid`) VALUES ('65', '14500204');
INSERT INTO `game_event_creature` (`eventEntry`, `guid`) VALUES ('65', '14500205');
INSERT INTO `game_event_creature` (`eventEntry`, `guid`) VALUES ('65', '14500206');
INSERT INTO `game_event_creature` (`eventEntry`, `guid`) VALUES ('65', '14500207');
INSERT INTO `game_event_creature` (`eventEntry`, `guid`) VALUES ('65', '14500208');
INSERT INTO `game_event_creature` (`eventEntry`, `guid`) VALUES ('65', '14500209');
INSERT INTO `game_event_creature` (`eventEntry`, `guid`) VALUES ('65', '14500210');
INSERT INTO `game_event_creature` (`eventEntry`, `guid`) VALUES ('65', '14500211');
INSERT INTO `game_event_creature` (`eventEntry`, `guid`) VALUES ('65', '14500212');
INSERT INTO `game_event_creature` (`eventEntry`, `guid`) VALUES ('65', '14500213');
INSERT INTO `game_event_creature` (`eventEntry`, `guid`) VALUES ('65', '14500214');
INSERT INTO `game_event_creature` (`eventEntry`, `guid`) VALUES ('65', '14500215');
INSERT INTO `game_event_creature` (`eventEntry`, `guid`) VALUES ('65', '14500216');
INSERT INTO `game_event_creature` (`eventEntry`, `guid`) VALUES ('65', '14500217');
INSERT INTO `game_event_creature` (`eventEntry`, `guid`) VALUES ('65', '14500218');
INSERT INTO `game_event_creature` (`eventEntry`, `guid`) VALUES ('65', '14500219');
INSERT INTO `game_event_creature` (`eventEntry`, `guid`) VALUES ('65', '14500220');
INSERT INTO `game_event_creature` (`eventEntry`, `guid`) VALUES ('65', '14500221');
INSERT INTO `game_event_creature` (`eventEntry`, `guid`) VALUES ('65', '14500222');
INSERT INTO `game_event_creature` (`eventEntry`, `guid`) VALUES ('65', '14500223');
INSERT INTO `game_event_creature` (`eventEntry`, `guid`) VALUES ('65', '14500224');
INSERT INTO `game_event_creature` (`eventEntry`, `guid`) VALUES ('65', '14500225');